,hora,Id_tag,Id_Ant,RSSI,Ang_azimuth,Ang_elevacion,Canal,Altura_ant(cm),Distancia_entre_ant_tag(cm),Error_dato_medido,Distancia_entre_ant
0,2022/12/09/ 18:54:45,:CCF957966AC9,PID=0403:6015 SER=D200BZVHA,-69,-14,-36,37,170,160,0,120
1,2022/12/09/ 18:54:45,:CCF957966AC9,PID=0403:6015 SER=D200BZVHA,-69,-14,-36,37,170,160,0,120
2,2022/12/09/ 18:54:45,:CCF957966AC9,PID=0403:6015 SER=D200BZVHA,-61,-14,-36,39,170,160,0,120
3,2022/12/09/ 18:54:45,:CCF957966AC9,PID=0403:6015 SER=D200BZVHA,-69,-14,-36,37,170,160,0,120
4,2022/12/09/ 18:54:45,:CCF957966AC9,PID=0403:6015 SER=D200BZVHA,-61,-14,-36,39,170,160,0,120
5,2022/12/09/ 18:54:45,:CCF957966AC9,PID=0403:6015 SER=D200BZVHA,-69,-14,-36,37,170,160,0,120
6,2022/12/09/ 18:54:45,:CCF957966AC9,PID=0403:6015 SER=D200BZVHA,-72,-14,-35,38,170,160,0,120
7,2022/12/09/ 18:54:45,:CCF957966AC9,PID=0403:6015 SER=D200BZVHA,-69,-14,-35,37,170,160,0,120
8,2022/12/09/ 18:54:45,:CCF957966AC9,PID=0403:6015 SER=D200BZVHA,-61,-14,-35,39,170,160,0,120
9,2022/12/09/ 18:54:45,:CCF957966AC9,PID=0403:6015 SER=D200BZVHA,-69,-14,-35,37,170,160,0,120
10,2022/12/09/ 18:54:45,:CCF957966AC9,PID=0403:6015 SER=D200BZVHA,-61,-14,-35,39,170,160,0,120
11,2022/12/09/ 18:54:45,:CCF957966AC9,PID=0403:6015 SER=D200BZVHA,-65,19,-12,38,170,160,0,120
12,2022/12/09/ 18:54:45,:CCF957966AC9,PID=0403:6015 SER=D200BZVHA,-65,18,-11,39,170,160,0,120
13,2022/12/09/ 18:54:46,:CCF957966AC9,PID=0403:6015 SER=D200BZVHA,-62,19,-11,39,170,160,0,120
14,2022/12/09/ 18:54:46,:CCF957966AC9,PID=0403:6015 SER=D200BZVHA,-66,18,-11,38,170,160,0,120
15,2022/12/09/ 18:54:46,:CCF957966AC9,PID=0403:6015 SER=D200BZVHA,-64,16,-11,39,170,160,0,120
16,2022/12/09/ 18:54:46,:CCF957966AC9,PID=0403:6015 SER=D200BZVHA,-65,10,-11,38,170,160,0,120
17,2022/12/09/ 18:54:46,:CCF957966AC9,PID=0403:6015 SER=D200BZVHA,-66,10,-11,38,170,160,0,120
18,2022/12/09/ 18:54:46,:CCF957966AC9,PID=0403:6015 SER=D200BZVHA,-63,15,-11,39,170,160,0,120
19,2022/12/09/ 18:54:46,:CCF957966AC9,PID=0403:6015 SER=D200BZVHA,-63,15,-14,39,170,160,0,120
20,2022/12/09/ 18:54:46,:CCF957966AC9,PID=0403:6015 SER=D200BZVHA,-64,10,-16,38,170,160,0,120
21,2022/12/09/ 18:54:46,:CCF957966AC9,PID=0403:6015 SER=D200BZVHA,-64,10,-16,39,170,160,0,120
22,2022/12/09/ 18:54:46,:CCF957966AC9,PID=0403:6015 SER=D200BZVHA,-62,14,-14,39,170,160,0,120
23,2022/12/09/ 18:54:46,:CCF957966AC9,PID=0403:6015 SER=D200BZVHA,-67,10,-16,38,170,160,0,120
24,2022/12/09/ 18:54:46,:CCF957966AC9,PID=0403:6015 SER=D200BZVHA,-62,14,-14,39,170,160,0,120
25,2022/12/09/ 18:54:46,:CCF957966AC9,PID=0403:6015 SER=D200BZVHA,-62,14,-14,39,170,160,0,120
26,2022/12/09/ 18:54:46,:CCF957966AC9,PID=0403:6015 SER=D200BZVHA,-65,14,-14,39,170,160,0,120
27,2022/12/09/ 18:54:46,:CCF957966AC9,PID=0403:6015 SER=D200BZVHA,-66,14,-14,38,170,160,0,120
28,2022/12/09/ 18:54:46,:CCF957966AC9,PID=0403:6015 SER=D200BZVHA,-63,15,-14,39,170,160,0,120
29,2022/12/09/ 18:54:46,:CCF957966AC9,PID=0403:6015 SER=D200BZVHA,-67,15,-14,38,170,160,0,120
30,2022/12/09/ 18:54:46,:CCF957966AC9,PID=0403:6015 SER=D200BZVHA,-64,16,-13,39,170,160,0,120
31,2022/12/09/ 18:54:46,:CCF957966AC9,PID=0403:6015 SER=D200BZVHA,-62,16,-13,39,170,160,0,120
32,2022/12/09/ 18:54:46,:CCF957966AC9,PID=0403:6015 SER=D200BZVHA,-63,16,-13,39,170,160,0,120
33,2022/12/09/ 18:54:47,:CCF957966AC9,PID=0403:6015 SER=D200BZVHA,-63,16,-12,39,170,160,0,120
34,2022/12/09/ 18:54:47,:CCF957966AC9,PID=0403:6015 SER=D200BZVHA,-65,16,-12,38,170,160,0,120
35,2022/12/09/ 18:54:47,:CCF957966AC9,PID=0403:6015 SER=D200BZVHA,-63,16,-12,39,170,160,0,120
36,2022/12/09/ 18:54:47,:CCF957966AC9,PID=0403:6015 SER=D200BZVHA,-64,17,-11,39,170,160,0,120
37,2022/12/09/ 18:54:47,:CCF957966AC9,PID=0403:6015 SER=D200BZVHA,-64,17,-11,38,170,160,0,120
38,2022/12/09/ 18:54:47,:CCF957966AC9,PID=0403:6015 SER=D200BZVHA,-64,17,-11,39,170,160,0,120
39,2022/12/09/ 18:54:47,:CCF957966AC9,PID=0403:6015 SER=D200BZVHA,-62,16,-11,39,170,160,0,120
40,2022/12/09/ 18:54:47,:CCF957966AC9,PID=0403:6015 SER=D200BZVHA,-62,17,-11,39,170,160,0,120
41,2022/12/09/ 18:54:47,:CCF957966AC9,PID=0403:6015 SER=D200BZVHA,-64,16,-11,39,170,160,0,120
42,2022/12/09/ 18:54:47,:CCF957966AC9,PID=0403:6015 SER=D200BZVHA,-62,16,-11,39,170,160,0,120
43,2022/12/09/ 18:54:47,:CCF957966AC9,PID=0403:6015 SER=D200BZVHA,-62,16,-11,39,170,160,0,120
44,2022/12/09/ 18:54:47,:CCF957966AC9,PID=0403:6015 SER=D200BZVHA,-63,17,-11,39,170,160,0,120
45,2022/12/09/ 18:54:47,:CCF957966AC9,PID=0403:6015 SER=D200BZVHA,-64,16,-11,39,170,160,0,120
46,2022/12/09/ 18:54:47,:CCF957966AC9,PID=0403:6015 SER=D200BZVHA,-63,16,-11,39,170,160,0,120
47,2022/12/09/ 18:54:47,:CCF957966AC9,PID=0403:6015 SER=D200BZVHA,-63,16,-11,39,170,160,0,120
48,2022/12/09/ 18:54:47,:CCF957966AC9,PID=0403:6015 SER=D200BZVHA,-62,15,-11,39,170,160,0,120
49,2022/12/09/ 18:54:47,:CCF957966AC9,PID=0403:6015 SER=D200BZVHA,-62,15,-11,39,170,160,0,120
50,2022/12/09/ 18:54:48,:CCF957966AC9,PID=0403:6015 SER=D200BZVHA,-62,15,-11,39,170,160,0,120
51,2022/12/09/ 18:54:48,:CCF957966AC9,PID=0403:6015 SER=D200BZVHA,-61,15,-11,39,170,160,0,120
52,2022/12/09/ 18:54:48,:CCF957966AC9,PID=0403:6015 SER=D200BZVHA,-61,14,-11,39,170,160,0,120
53,2022/12/09/ 18:54:48,:CCF957966AC9,PID=0403:6015 SER=D200BZVHA,-62,13,-11,39,170,160,0,120
54,2022/12/09/ 18:54:48,:CCF957966AC9,PID=0403:6015 SER=D200BZVHA,-62,13,-12,39,170,160,0,120
55,2022/12/09/ 18:54:48,:CCF957966AC9,PID=0403:6015 SER=D200BZVHA,-61,13,-12,39,170,160,0,120
56,2022/12/09/ 18:54:48,:CCF957966AC9,PID=0403:6015 SER=D200BZVHA,-63,13,-12,39,170,160,0,120
57,2022/12/09/ 18:54:48,:CCF957966AC9,PID=0403:6015 SER=D200BZVHA,-63,14,-11,39,170,160,0,120
58,2022/12/09/ 18:54:48,:CCF957966AC9,PID=0403:6015 SER=D200BZVHA,-61,14,-11,39,170,160,0,120
59,2022/12/09/ 18:54:48,:CCF957966AC9,PID=0403:6015 SER=D200BZVHA,-60,14,-11,39,170,160,0,120
60,2022/12/09/ 18:54:48,:CCF957966AC9,PID=0403:6015 SER=D200BZVHA,-61,14,-11,39,170,160,0,120
61,2022/12/09/ 18:54:48,:CCF957966AC9,PID=0403:6015 SER=D200BZVHA,-62,14,-11,39,170,160,0,120
62,2022/12/09/ 18:54:48,:CCF957966AC9,PID=0403:6015 SER=D200BZVHA,-62,14,-11,39,170,160,0,120
63,2022/12/09/ 18:54:48,:CCF957966AC9,PID=0403:6015 SER=D200BZVHA,-65,14,-11,38,170,160,0,120
64,2022/12/09/ 18:54:49,:CCF957966AC9,PID=0403:6015 SER=D200BZVHA,-62,14,-11,39,170,160,0,120
65,2022/12/09/ 18:54:49,:CCF957966AC9,PID=0403:6015 SER=D200BZVHA,-61,15,-10,39,170,160,0,120
66,2022/12/09/ 18:54:49,:CCF957966AC9,PID=0403:6015 SER=D200BZVHA,-62,16,-10,39,170,160,0,120
67,2022/12/09/ 18:54:49,:CCF957966AC9,PID=0403:6015 SER=D200BZVHA,-62,16,-10,39,170,160,0,120
68,2022/12/09/ 18:54:49,:CCF957966AC9,PID=0403:6015 SER=D200BZVHA,-61,17,-10,39,170,160,0,120
69,2022/12/09/ 18:54:49,:CCF957966AC9,PID=0403:6015 SER=D200BZVHA,-61,17,-10,39,170,160,0,120
70,2022/12/09/ 18:54:49,:CCF957966AC9,PID=0403:6015 SER=D200BZVHA,-61,17,-10,39,170,160,0,120
71,2022/12/09/ 18:54:49,:CCF957966AC9,PID=0403:6015 SER=D200BZVHA,-61,17,-10,39,170,160,0,120
72,2022/12/09/ 18:54:49,:CCF957966AC9,PID=0403:6015 SER=D200BZVHA,-61,17,-10,39,170,160,0,120
73,2022/12/09/ 18:54:49,:CCF957966AC9,PID=0403:6015 SER=D200BZVHA,-61,17,-10,39,170,160,0,120
74,2022/12/09/ 18:54:49,:CCF957966AC9,PID=0403:6015 SER=D200BZVHA,-61,17,-11,39,170,160,0,120
75,2022/12/09/ 18:54:49,:CCF957966AC9,PID=0403:6015 SER=D200BZVHA,-61,17,-11,39,170,160,0,120
76,2022/12/09/ 18:54:49,:CCF957966AC9,PID=0403:6015 SER=D200BZVHA,-61,17,-11,39,170,160,0,120
77,2022/12/09/ 18:54:49,:CCF957966AC9,PID=0403:6015 SER=D200BZVHA,-61,17,-11,39,170,160,0,120
78,2022/12/09/ 18:54:49,:CCF957966AC9,PID=0403:6015 SER=D200BZVHA,-61,17,-11,39,170,160,0,120
79,2022/12/09/ 18:54:50,:CCF957966AC9,PID=0403:6015 SER=D200BZVHA,-61,17,-11,39,170,160,0,120
80,2022/12/09/ 18:54:50,:CCF957966AC9,PID=0403:6015 SER=D200BZVHA,-61,17,-11,39,170,160,0,120
81,2022/12/09/ 18:54:50,:CCF957966AC9,PID=0403:6015 SER=D200BZVHA,-61,17,-11,39,170,160,0,120
82,2022/12/09/ 18:54:50,:CCF957966AC9,PID=0403:6015 SER=D200BZVHA,-61,16,-11,39,170,160,0,120
83,2022/12/09/ 18:54:50,:CCF957966AC9,PID=0403:6015 SER=D200BZVHA,-61,16,-11,39,170,160,0,120
84,2022/12/09/ 18:54:50,:CCF957966AC9,PID=0403:6015 SER=D200BZVHA,-67,16,-11,38,170,160,0,120
85,2022/12/09/ 18:54:50,:CCF957966AC9,PID=0403:6015 SER=D200BZVHA,-61,16,-11,39,170,160,0,120
86,2022/12/09/ 18:54:50,:CCF957966AC9,PID=0403:6015 SER=D200BZVHA,-61,16,-11,39,170,160,0,120
87,2022/12/09/ 18:54:50,:CCF957966AC9,PID=0403:6015 SER=D200BZVHA,-61,16,-11,39,170,160,0,120
88,2022/12/09/ 18:54:50,:CCF957966AC9,PID=0403:6015 SER=D200BZVHA,-61,16,-11,39,170,160,0,120
89,2022/12/09/ 18:54:50,:CCF957966AC9,PID=0403:6015 SER=D200BZVHA,-61,16,-12,39,170,160,0,120
90,2022/12/09/ 18:54:50,:CCF957966AC9,PID=0403:6015 SER=D200BZVHA,-61,15,-12,39,170,160,0,120
91,2022/12/09/ 18:54:51,:CCF957966AC9,PID=0403:6015 SER=D200BZVHA,-61,15,-12,39,170,160,0,120
92,2022/12/09/ 18:54:51,:CCF957966AC9,PID=0403:6015 SER=D200BZVHA,-61,15,-12,39,170,160,0,120
93,2022/12/09/ 18:54:51,:CCF957966AC9,PID=0403:6015 SER=D200BZVHA,-61,15,-12,39,170,160,0,120
94,2022/12/09/ 18:54:51,:CCF957966AC9,PID=0403:6015 SER=D200BZVHA,-61,15,-12,39,170,160,0,120
95,2022/12/09/ 18:54:51,:CCF957966AC9,PID=0403:6015 SER=D200BZVHA,-61,15,-12,39,170,160,0,120
96,2022/12/09/ 18:54:51,:CCF957966AC9,PID=0403:6015 SER=D200BZVHA,-61,15,-12,39,170,160,0,120
97,2022/12/09/ 18:54:51,:CCF957966AC9,PID=0403:6015 SER=D200BZVHA,-61,15,-12,39,170,160,0,120
98,2022/12/09/ 18:54:51,:CCF957966AC9,PID=0403:6015 SER=D200BZVHA,-61,15,-12,39,170,160,0,120
99,2022/12/09/ 18:54:51,:CCF957966AC9,PID=0403:6015 SER=D200BZVHA,-61,15,-12,39,170,160,0,120
100,2022/12/09/ 18:54:51,:CCF957966AC9,PID=0403:6015 SER=D200BZVHA,-61,15,-12,39,170,160,0,120
101,2022/12/09/ 18:54:51,:CCF957966AC9,PID=0403:6015 SER=D200BZVHA,-61,15,-11,39,170,160,0,120
102,2022/12/09/ 18:54:51,:CCF957966AC9,PID=0403:6015 SER=D200BZVHA,-61,15,-11,39,170,160,0,120
103,2022/12/09/ 18:54:52,:CCF957966AC9,PID=0403:6015 SER=D200BZVHA,-61,15,-12,39,170,160,0,120
104,2022/12/09/ 18:54:52,:CCF957966AC9,PID=0403:6015 SER=D200BZVHA,-61,15,-12,39,170,160,0,120
105,2022/12/09/ 18:54:52,:CCF957966AC9,PID=0403:6015 SER=D200BZVHA,-61,15,-12,39,170,160,0,120
106,2022/12/09/ 18:54:52,:CCF957966AC9,PID=0403:6015 SER=D200BZVHA,-61,15,-12,39,170,160,0,120
107,2022/12/09/ 18:54:52,:CCF957966AC9,PID=0403:6015 SER=D200BZVHA,-61,15,-12,39,170,160,0,120
108,2022/12/09/ 18:54:52,:CCF957966AC9,PID=0403:6015 SER=D200BZVHA,-61,15,-12,39,170,160,0,120
109,2022/12/09/ 18:54:52,:CCF957966AC9,PID=0403:6015 SER=D200BZVHA,-61,15,-12,39,170,160,0,120
110,2022/12/09/ 18:54:52,:CCF957966AC9,PID=0403:6015 SER=D200BZVHA,-61,15,-12,39,170,160,0,120
111,2022/12/09/ 18:54:52,:CCF957966AC9,PID=0403:6015 SER=D200BZVHA,-61,15,-12,39,170,160,0,120
112,2022/12/09/ 18:54:52,:CCF957966AC9,PID=0403:6015 SER=D200BZVHA,-61,15,-12,39,170,160,0,120
113,2022/12/09/ 18:54:52,:CCF957966AC9,PID=0403:6015 SER=D200BZVHA,-61,15,-12,39,170,160,0,120
114,2022/12/09/ 18:54:52,:CCF957966AC9,PID=0403:6015 SER=D200BZVHA,-61,15,-12,39,170,160,0,120
115,2022/12/09/ 18:54:53,:CCF957966AC9,PID=0403:6015 SER=D200BZVHA,-61,15,-12,39,170,160,0,120
116,2022/12/09/ 18:54:53,:CCF957966AC9,PID=0403:6015 SER=D200BZVHA,-61,15,-12,39,170,160,0,120
117,2022/12/09/ 18:54:53,:CCF957966AC9,PID=0403:6015 SER=D200BZVHA,-61,15,-12,39,170,160,0,120
118,2022/12/09/ 18:54:53,:CCF957966AC9,PID=0403:6015 SER=D200BZVHA,-61,15,-12,39,170,160,0,120
119,2022/12/09/ 18:54:53,:CCF957966AC9,PID=0403:6015 SER=D200BZVHA,-61,15,-12,39,170,160,0,120
120,2022/12/09/ 18:54:53,:CCF957966AC9,PID=0403:6015 SER=D200BZVHA,-61,15,-12,39,170,160,0,120
121,2022/12/09/ 18:54:53,:CCF957966AC9,PID=0403:6015 SER=D200BZVHA,-61,15,-12,39,170,160,0,120
122,2022/12/09/ 18:54:53,:CCF957966AC9,PID=0403:6015 SER=D200BZVHA,-61,15,-12,39,170,160,0,120
123,2022/12/09/ 18:54:53,:CCF957966AC9,PID=0403:6015 SER=D200BZVHA,-61,15,-12,39,170,160,0,120
124,2022/12/09/ 18:54:53,:CCF957966AC9,PID=0403:6015 SER=D200BZVHA,-61,15,-12,39,170,160,0,120
125,2022/12/09/ 18:54:53,:CCF957966AC9,PID=0403:6015 SER=D200BZVHA,-61,15,-12,39,170,160,0,120
126,2022/12/09/ 18:54:53,:CCF957966AC9,PID=0403:6015 SER=D200BZVHA,-61,15,-12,39,170,160,0,120
127,2022/12/09/ 18:54:54,:CCF957966AC9,PID=0403:6015 SER=D200BZVHA,-61,15,-12,39,170,160,0,120
128,2022/12/09/ 18:54:54,:CCF957966AC9,PID=0403:6015 SER=D200BZVHA,-61,15,-12,39,170,160,0,120
129,2022/12/09/ 18:54:54,:CCF957966AC9,PID=0403:6015 SER=D200BZVHA,-61,15,-12,39,170,160,0,120
130,2022/12/09/ 18:54:54,:CCF957966AC9,PID=0403:6015 SER=D200BZVHA,-61,15,-12,39,170,160,0,120
131,2022/12/09/ 18:54:54,:CCF957966AC9,PID=0403:6015 SER=D200BZVHA,-61,15,-12,39,170,160,0,120
132,2022/12/09/ 18:54:54,:CCF957966AC9,PID=0403:6015 SER=D200BZVHA,-61,15,-12,39,170,160,0,120
133,2022/12/09/ 18:54:54,:CCF957966AC9,PID=0403:6015 SER=D200BZVHA,-61,15,-12,39,170,160,0,120
134,2022/12/09/ 18:54:54,:CCF957966AC9,PID=0403:6015 SER=D200BZVHA,-61,15,-12,39,170,160,0,120
135,2022/12/09/ 18:54:54,:CCF957966AC9,PID=0403:6015 SER=D200BZVHA,-61,15,-12,39,170,160,0,120
136,2022/12/09/ 18:54:54,:CCF957966AC9,PID=0403:6015 SER=D200BZVHA,-61,15,-12,39,170,160,0,120
137,2022/12/09/ 18:54:54,:CCF957966AC9,PID=0403:6015 SER=D200BZVHA,-61,15,-12,39,170,160,0,120
138,2022/12/09/ 18:54:55,:CCF957966AC9,PID=0403:6015 SER=D200BZVHA,-61,15,-12,39,170,160,0,120
139,2022/12/09/ 18:54:55,:CCF957966AC9,PID=0403:6015 SER=D200BZVHA,-61,15,-12,39,170,160,0,120
140,2022/12/09/ 18:54:55,:CCF957966AC9,PID=0403:6015 SER=D200BZVHA,-61,15,-12,39,170,160,0,120
141,2022/12/09/ 18:54:55,:CCF957966AC9,PID=0403:6015 SER=D200BZVHA,-61,15,-12,39,170,160,0,120
142,2022/12/09/ 18:54:55,:CCF957966AC9,PID=0403:6015 SER=D200BZVHA,-61,14,-12,39,170,160,0,120
143,2022/12/09/ 18:54:55,:CCF957966AC9,PID=0403:6015 SER=D200BZVHA,-61,14,-12,39,170,160,0,120
144,2022/12/09/ 18:54:55,:CCF957966AC9,PID=0403:6015 SER=D200BZVHA,-61,15,-12,39,170,160,0,120
145,2022/12/09/ 18:54:55,:CCF957966AC9,PID=0403:6015 SER=D200BZVHA,-61,15,-12,39,170,160,0,120
146,2022/12/09/ 18:54:55,:CCF957966AC9,PID=0403:6015 SER=D200BZVHA,-61,15,-12,39,170,160,0,120
147,2022/12/09/ 18:54:56,:CCF957966AC9,PID=0403:6015 SER=D200BZVHA,-61,15,-12,39,170,160,0,120
148,2022/12/09/ 18:54:56,:CCF957966AC9,PID=0403:6015 SER=D200BZVHA,-61,15,-12,39,170,160,0,120
149,2022/12/09/ 18:54:56,:CCF957966AC9,PID=0403:6015 SER=D200BZVHA,-61,15,-12,39,170,160,0,120
150,2022/12/09/ 18:54:56,:CCF957966AC9,PID=0403:6015 SER=D200BZVHA,-61,15,-12,39,170,160,0,120
151,2022/12/09/ 18:54:56,:CCF957966AC9,PID=0403:6015 SER=D200BZVHA,-61,15,-12,39,170,160,0,120
152,2022/12/09/ 18:54:56,:CCF957966AC9,PID=0403:6015 SER=D200BZVHA,-61,15,-12,39,170,160,0,120
153,2022/12/09/ 18:54:56,:CCF957966AC9,PID=0403:6015 SER=D200BZVHA,-61,15,-12,39,170,160,0,120
154,2022/12/09/ 18:54:56,:CCF957966AC9,PID=0403:6015 SER=D200BZVHA,-61,15,-12,39,170,160,0,120
155,2022/12/09/ 18:54:56,:CCF957966AC9,PID=0403:6015 SER=D200BZVHA,-61,15,-12,39,170,160,0,120
156,2022/12/09/ 18:54:56,:CCF957966AC9,PID=0403:6015 SER=D200BZVHA,-61,15,-12,39,170,160,0,120
157,2022/12/09/ 18:54:56,:CCF957966AC9,PID=0403:6015 SER=D200BZVHA,-61,14,-12,39,170,160,0,120
158,2022/12/09/ 18:54:56,:CCF957966AC9,PID=0403:6015 SER=D200BZVHA,-61,14,-12,39,170,160,0,120
159,2022/12/09/ 18:54:56,:CCF957966AC9,PID=0403:6015 SER=D200BZVHA,-61,14,-12,39,170,160,0,120
160,2022/12/09/ 18:54:56,:CCF957966AC9,PID=0403:6015 SER=D200BZVHA,-61,14,-12,39,170,160,0,120
161,2022/12/09/ 18:54:56,:CCF957966AC9,PID=0403:6015 SER=D200BZVHA,-61,14,-12,39,170,160,0,120
162,2022/12/09/ 18:54:56,:CCF957966AC9,PID=0403:6015 SER=D200BZVHA,-61,14,-12,39,170,160,0,120
163,2022/12/09/ 18:54:56,:CCF957966AC9,PID=0403:6015 SER=D200BZVHA,-61,14,-12,39,170,160,0,120
164,2022/12/09/ 18:54:56,:CCF957966AC9,PID=0403:6015 SER=D200BZVHA,-61,14,-12,39,170,160,0,120
165,2022/12/09/ 18:54:56,:CCF957966AC9,PID=0403:6015 SER=D200BZVHA,-61,14,-12,39,170,160,0,120
166,2022/12/09/ 18:54:57,:CCF957966AC9,PID=0403:6015 SER=D200BZVHA,-61,14,-12,39,170,160,0,120
167,2022/12/09/ 18:54:57,:CCF957966AC9,PID=0403:6015 SER=D200BZVHA,-61,14,-12,39,170,160,0,120
168,2022/12/09/ 18:54:57,:CCF957966AC9,PID=0403:6015 SER=D200BZVHA,-61,14,-12,39,170,160,0,120
169,2022/12/09/ 18:54:57,:CCF957966AC9,PID=0403:6015 SER=D200BZVHA,-61,14,-12,39,170,160,0,120
170,2022/12/09/ 18:54:57,:CCF957966AC9,PID=0403:6015 SER=D200BZVHA,-61,14,-12,39,170,160,0,120
171,2022/12/09/ 18:54:57,:CCF957966AC9,PID=0403:6015 SER=D200BZVHA,-61,14,-12,39,170,160,0,120
172,2022/12/09/ 18:54:57,:CCF957966AC9,PID=0403:6015 SER=D200BZVHA,-61,14,-12,39,170,160,0,120
173,2022/12/09/ 18:54:58,:CCF957966AC9,PID=0403:6015 SER=D200BZVHA,-61,14,-12,39,170,160,0,120
174,2022/12/09/ 18:54:58,:CCF957966AC9,PID=0403:6015 SER=D200BZVHA,-61,14,-12,39,170,160,0,120
175,2022/12/09/ 18:54:58,:CCF957966AC9,PID=0403:6015 SER=D200BZVHA,-61,14,-12,39,170,160,0,120
176,2022/12/09/ 18:54:58,:CCF957966AC9,PID=0403:6015 SER=D200BZVHA,-61,14,-12,39,170,160,0,120
177,2022/12/09/ 18:54:58,:CCF957966AC9,PID=0403:6015 SER=D200BZVHA,-61,14,-12,39,170,160,0,120
178,2022/12/09/ 18:54:58,:CCF957966AC9,PID=0403:6015 SER=D200BZVHA,-61,14,-12,39,170,160,0,120
179,2022/12/09/ 18:54:58,:CCF957966AC9,PID=0403:6015 SER=D200BZVHA,-61,14,-12,39,170,160,0,120
180,2022/12/09/ 18:54:59,:CCF957966AC9,PID=0403:6015 SER=D200BZVHA,-61,15,-12,39,170,160,0,120
181,2022/12/09/ 18:54:59,:CCF957966AC9,PID=0403:6015 SER=D200BZVHA,-61,15,-12,39,170,160,0,120
182,2022/12/09/ 18:54:59,:CCF957966AC9,PID=0403:6015 SER=D200BZVHA,-61,14,-12,39,170,160,0,120
183,2022/12/09/ 18:54:59,:CCF957966AC9,PID=0403:6015 SER=D200BZVHA,-61,15,-12,39,170,160,0,120
184,2022/12/09/ 18:54:59,:CCF957966AC9,PID=0403:6015 SER=D200BZVHA,-61,15,-12,39,170,160,0,120
185,2022/12/09/ 18:54:59,:CCF957966AC9,PID=0403:6015 SER=D200BZVHA,-61,15,-12,39,170,160,0,120
186,2022/12/09/ 18:54:59,:CCF957966AC9,PID=0403:6015 SER=D200BZVHA,-61,15,-12,39,170,160,0,120
187,2022/12/09/ 18:54:59,:CCF957966AC9,PID=0403:6015 SER=D200BZVHA,-61,15,-12,39,170,160,0,120
188,2022/12/09/ 18:54:59,:CCF957966AC9,PID=0403:6015 SER=D200BZVHA,-61,15,-12,39,170,160,0,120
189,2022/12/09/ 18:54:59,:CCF957966AC9,PID=0403:6015 SER=D200BZVHA,-61,15,-12,39,170,160,0,120
190,2022/12/09/ 18:54:59,:CCF957966AC9,PID=0403:6015 SER=D200BZVHA,-61,15,-12,39,170,160,0,120
191,2022/12/09/ 18:55:00,:CCF957966AC9,PID=0403:6015 SER=D200BZVHA,-61,15,-12,39,170,160,0,120
192,2022/12/09/ 18:55:00,:CCF957966AC9,PID=0403:6015 SER=D200BZVHA,-61,15,-12,39,170,160,0,120
193,2022/12/09/ 18:55:00,:CCF957966AC9,PID=0403:6015 SER=D200BZVHA,-61,15,-12,39,170,160,0,120
194,2022/12/09/ 18:55:00,:CCF957966AC9,PID=0403:6015 SER=D200BZVHA,-61,15,-12,39,170,160,0,120
195,2022/12/09/ 18:55:00,:CCF957966AC9,PID=0403:6015 SER=D200BZVHA,-61,15,-12,39,170,160,0,120
196,2022/12/09/ 18:55:00,:CCF957966AC9,PID=0403:6015 SER=D200BZVHA,-61,15,-12,39,170,160,0,120
197,2022/12/09/ 18:55:00,:CCF957966AC9,PID=0403:6015 SER=D200BZVHA,-61,15,-12,39,170,160,0,120
198,2022/12/09/ 18:55:00,:CCF957966AC9,PID=0403:6015 SER=D200BZVHA,-61,15,-12,39,170,160,0,120
199,2022/12/09/ 18:55:00,:CCF957966AC9,PID=0403:6015 SER=D200BZVHA,-61,15,-12,39,170,160,0,120
200,2022/12/09/ 18:55:00,:CCF957966AC9,PID=0403:6015 SER=D200BZVHA,-61,15,-12,39,170,160,0,120
201,2022/12/09/ 18:55:00,:CCF957966AC9,PID=0403:6015 SER=D200BZVHA,-61,15,-12,39,170,160,0,120
202,2022/12/09/ 18:55:00,:CCF957966AC9,PID=0403:6015 SER=D200BZVHA,-61,15,-12,39,170,160,0,120
203,2022/12/09/ 18:55:01,:CCF957966AC9,PID=0403:6015 SER=D200BZVHA,-61,15,-12,39,170,160,0,120
204,2022/12/09/ 18:55:01,:CCF957966AC9,PID=0403:6015 SER=D200BZVHA,-61,14,-12,39,170,160,0,120
205,2022/12/09/ 18:55:01,:CCF957966AC9,PID=0403:6015 SER=D200BZVHA,-61,14,-12,39,170,160,0,120
206,2022/12/09/ 18:55:01,:CCF957966AC9,PID=0403:6015 SER=D200BZVHA,-61,14,-12,39,170,160,0,120
207,2022/12/09/ 18:55:01,:CCF957966AC9,PID=0403:6015 SER=D200BZVHA,-61,14,-12,39,170,160,0,120
208,2022/12/09/ 18:55:01,:CCF957966AC9,PID=0403:6015 SER=D200BZVHA,-61,14,-12,39,170,160,0,120
209,2022/12/09/ 18:55:01,:CCF957966AC9,PID=0403:6015 SER=D200BZVHA,-61,14,-12,39,170,160,0,120
210,2022/12/09/ 18:55:01,:CCF957966AC9,PID=0403:6015 SER=D200BZVHA,-61,14,-12,39,170,160,0,120
211,2022/12/09/ 18:55:01,:CCF957966AC9,PID=0403:6015 SER=D200BZVHA,-61,14,-12,39,170,160,0,120
212,2022/12/09/ 18:55:01,:CCF957966AC9,PID=0403:6015 SER=D200BZVHA,-61,14,-12,39,170,160,0,120
213,2022/12/09/ 18:55:01,:CCF957966AC9,PID=0403:6015 SER=D200BZVHA,-61,14,-12,39,170,160,0,120
214,2022/12/09/ 18:55:01,:CCF957966AC9,PID=0403:6015 SER=D200BZVHA,-61,14,-12,39,170,160,0,120
215,2022/12/09/ 18:55:01,:CCF957966AC9,PID=0403:6015 SER=D200BZVHA,-61,14,-12,39,170,160,0,120
216,2022/12/09/ 18:55:02,:CCF957966AC9,PID=0403:6015 SER=D200BZVHA,-61,14,-12,39,170,160,0,120
217,2022/12/09/ 18:55:02,:CCF957966AC9,PID=0403:6015 SER=D200BZVHA,-61,14,-12,39,170,160,0,120
218,2022/12/09/ 18:55:02,:CCF957966AC9,PID=0403:6015 SER=D200BZVHA,-61,14,-12,39,170,160,0,120
219,2022/12/09/ 18:55:02,:CCF957966AC9,PID=0403:6015 SER=D200BZVHA,-61,14,-12,39,170,160,0,120
220,2022/12/09/ 18:55:02,:CCF957966AC9,PID=0403:6015 SER=D200BZVHA,-61,14,-12,39,170,160,0,120
221,2022/12/09/ 18:55:02,:CCF957966AC9,PID=0403:6015 SER=D200BZVHA,-61,14,-12,39,170,160,0,120
222,2022/12/09/ 18:55:02,:CCF957966AC9,PID=0403:6015 SER=D200BZVHA,-61,14,-12,39,170,160,0,120
223,2022/12/09/ 18:55:02,:CCF957966AC9,PID=0403:6015 SER=D200BZVHA,-61,14,-12,39,170,160,0,120
224,2022/12/09/ 18:55:02,:CCF957966AC9,PID=0403:6015 SER=D200BZVHA,-61,14,-12,39,170,160,0,120
225,2022/12/09/ 18:55:02,:CCF957966AC9,PID=0403:6015 SER=D200BZVHA,-61,14,-12,39,170,160,0,120
226,2022/12/09/ 18:55:02,:CCF957966AC9,PID=0403:6015 SER=D200BZVHA,-61,14,-12,39,170,160,0,120
227,2022/12/09/ 18:55:02,:CCF957966AC9,PID=0403:6015 SER=D200BZVHA,-61,14,-12,39,170,160,0,120
228,2022/12/09/ 18:55:02,:CCF957966AC9,PID=0403:6015 SER=D200BZVHA,-61,13,-12,39,170,160,0,120
229,2022/12/09/ 18:55:03,:CCF957966AC9,PID=0403:6015 SER=D200BZVHA,-61,13,-12,39,170,160,0,120
230,2022/12/09/ 18:55:03,:CCF957966AC9,PID=0403:6015 SER=D200BZVHA,-61,13,-12,39,170,160,0,120
231,2022/12/09/ 18:55:03,:CCF957966AC9,PID=0403:6015 SER=D200BZVHA,-61,13,-12,39,170,160,0,120
232,2022/12/09/ 18:55:03,:CCF957966AC9,PID=0403:6015 SER=D200BZVHA,-61,13,-12,39,170,160,0,120
233,2022/12/09/ 18:55:03,:CCF957966AC9,PID=0403:6015 SER=D200BZVHA,-61,14,-12,39,170,160,0,120
234,2022/12/09/ 18:55:03,:CCF957966AC9,PID=0403:6015 SER=D200BZVHA,-61,14,-12,39,170,160,0,120
235,2022/12/09/ 18:55:03,:CCF957966AC9,PID=0403:6015 SER=D200BZVHA,-61,14,-12,39,170,160,0,120
236,2022/12/09/ 18:55:03,:CCF957966AC9,PID=0403:6015 SER=D200BZVHA,-61,14,-12,39,170,160,0,120
237,2022/12/09/ 18:55:03,:CCF957966AC9,PID=0403:6015 SER=D200BZVHA,-61,14,-12,39,170,160,0,120
238,2022/12/09/ 18:55:03,:CCF957966AC9,PID=0403:6015 SER=D200BZVHA,-61,14,-13,39,170,160,0,120
239,2022/12/09/ 18:55:03,:CCF957966AC9,PID=0403:6015 SER=D200BZVHA,-61,14,-12,39,170,160,0,120
240,2022/12/09/ 18:55:03,:CCF957966AC9,PID=0403:6015 SER=D200BZVHA,-61,14,-12,39,170,160,0,120
241,2022/12/09/ 18:55:03,:CCF957966AC9,PID=0403:6015 SER=D200BZVHA,-61,14,-13,39,170,160,0,120
242,2022/12/09/ 18:55:03,:CCF957966AC9,PID=0403:6015 SER=D200BZVHA,-61,14,-13,39,170,160,0,120
243,2022/12/09/ 18:55:04,:CCF957966AC9,PID=0403:6015 SER=D200BZVHA,-61,14,-13,39,170,160,0,120
244,2022/12/09/ 18:55:04,:CCF957966AC9,PID=0403:6015 SER=D200BZVHA,-61,14,-13,39,170,160,0,120
245,2022/12/09/ 18:55:04,:CCF957966AC9,PID=0403:6015 SER=D200BZVHA,-61,14,-13,39,170,160,0,120
246,2022/12/09/ 18:55:04,:CCF957966AC9,PID=0403:6015 SER=D200BZVHA,-61,14,-13,39,170,160,0,120
247,2022/12/09/ 18:55:04,:CCF957966AC9,PID=0403:6015 SER=D200BZVHA,-61,14,-12,39,170,160,0,120
248,2022/12/09/ 18:55:04,:CCF957966AC9,PID=0403:6015 SER=D200BZVHA,-61,14,-12,39,170,160,0,120
249,2022/12/09/ 18:55:04,:CCF957966AC9,PID=0403:6015 SER=D200BZVHA,-61,14,-12,39,170,160,0,120
250,2022/12/09/ 18:55:04,:CCF957966AC9,PID=0403:6015 SER=D200BZVHA,-61,14,-12,39,170,160,0,120
251,2022/12/09/ 18:55:04,:CCF957966AC9,PID=0403:6015 SER=D200BZVHA,-61,14,-12,39,170,160,0,120
252,2022/12/09/ 18:55:04,:CCF957966AC9,PID=0403:6015 SER=D200BZVHA,-61,14,-12,39,170,160,0,120
253,2022/12/09/ 18:55:04,:CCF957966AC9,PID=0403:6015 SER=D200BZVHA,-61,14,-12,39,170,160,0,120
254,2022/12/09/ 18:55:04,:CCF957966AC9,PID=0403:6015 SER=D200BZVHA,-61,14,-12,39,170,160,0,120
255,2022/12/09/ 18:55:04,:CCF957966AC9,PID=0403:6015 SER=D200BZVHA,-61,14,-12,39,170,160,0,120
256,2022/12/09/ 18:55:04,:CCF957966AC9,PID=0403:6015 SER=D200BZVHA,-61,14,-12,39,170,160,0,120
257,2022/12/09/ 18:55:04,:CCF957966AC9,PID=0403:6015 SER=D200BZVHA,-61,14,-12,39,170,160,0,120
258,2022/12/09/ 18:55:05,:CCF957966AC9,PID=0403:6015 SER=D200BZVHA,-61,15,-12,39,170,160,0,120
259,2022/12/09/ 18:55:05,:CCF957966AC9,PID=0403:6015 SER=D200BZVHA,-61,14,-12,39,170,160,0,120
260,2022/12/09/ 18:55:05,:CCF957966AC9,PID=0403:6015 SER=D200BZVHA,-61,15,-12,39,170,160,0,120
261,2022/12/09/ 18:55:05,:CCF957966AC9,PID=0403:6015 SER=D200BZVHA,-61,15,-12,39,170,160,0,120
262,2022/12/09/ 18:55:05,:CCF957966AC9,PID=0403:6015 SER=D200BZVHA,-61,14,-11,39,170,160,0,120
263,2022/12/09/ 18:55:05,:CCF957966AC9,PID=0403:6015 SER=D200BZVHA,-61,14,-11,39,170,160,0,120
264,2022/12/09/ 18:55:05,:CCF957966AC9,PID=0403:6015 SER=D200BZVHA,-61,14,-12,39,170,160,0,120
265,2022/12/09/ 18:55:05,:CCF957966AC9,PID=0403:6015 SER=D200BZVHA,-61,14,-12,39,170,160,0,120
266,2022/12/09/ 18:55:05,:CCF957966AC9,PID=0403:6015 SER=D200BZVHA,-61,14,-12,39,170,160,0,120
267,2022/12/09/ 18:55:05,:CCF957966AC9,PID=0403:6015 SER=D200BZVHA,-61,14,-12,39,170,160,0,120
268,2022/12/09/ 18:55:05,:CCF957966AC9,PID=0403:6015 SER=D200BZVHA,-61,14,-12,39,170,160,0,120
269,2022/12/09/ 18:55:06,:CCF957966AC9,PID=0403:6015 SER=D200BZVHA,-61,14,-12,39,170,160,0,120
270,2022/12/09/ 18:55:06,:CCF957966AC9,PID=0403:6015 SER=D200BZVHA,-61,14,-12,39,170,160,0,120
271,2022/12/09/ 18:55:06,:CCF957966AC9,PID=0403:6015 SER=D200BZVHA,-61,14,-12,39,170,160,0,120
272,2022/12/09/ 18:55:06,:CCF957966AC9,PID=0403:6015 SER=D200BZVHA,-61,14,-12,39,170,160,0,120
273,2022/12/09/ 18:55:06,:CCF957966AC9,PID=0403:6015 SER=D200BZVHA,-61,14,-12,39,170,160,0,120
274,2022/12/09/ 18:55:06,:CCF957966AC9,PID=0403:6015 SER=D200BZVHA,-61,14,-12,39,170,160,0,120
275,2022/12/09/ 18:55:06,:CCF957966AC9,PID=0403:6015 SER=D200BZVHA,-61,14,-12,39,170,160,0,120
276,2022/12/09/ 18:55:06,:CCF957966AC9,PID=0403:6015 SER=D200BZVHA,-61,14,-12,39,170,160,0,120
277,2022/12/09/ 18:55:06,:CCF957966AC9,PID=0403:6015 SER=D200BZVHA,-61,14,-12,39,170,160,0,120
278,2022/12/09/ 18:55:06,:CCF957966AC9,PID=0403:6015 SER=D200BZVHA,-61,14,-12,39,170,160,0,120
279,2022/12/09/ 18:55:06,:CCF957966AC9,PID=0403:6015 SER=D200BZVHA,-61,14,-12,39,170,160,0,120
280,2022/12/09/ 18:55:06,:CCF957966AC9,PID=0403:6015 SER=D200BZVHA,-61,14,-12,39,170,160,0,120
281,2022/12/09/ 18:55:07,:CCF957966AC9,PID=0403:6015 SER=D200BZVHA,-61,14,-12,39,170,160,0,120
282,2022/12/09/ 18:55:07,:CCF957966AC9,PID=0403:6015 SER=D200BZVHA,-61,14,-12,39,170,160,0,120
283,2022/12/09/ 18:55:07,:CCF957966AC9,PID=0403:6015 SER=D200BZVHA,-61,14,-12,39,170,160,0,120
284,2022/12/09/ 18:55:07,:CCF957966AC9,PID=0403:6015 SER=D200BZVHA,-61,14,-12,39,170,160,0,120
285,2022/12/09/ 18:55:07,:CCF957966AC9,PID=0403:6015 SER=D200BZVHA,-61,14,-12,39,170,160,0,120
286,2022/12/09/ 18:55:07,:CCF957966AC9,PID=0403:6015 SER=D200BZVHA,-61,14,-12,39,170,160,0,120
287,2022/12/09/ 18:55:07,:CCF957966AC9,PID=0403:6015 SER=D200BZVHA,-61,14,-12,39,170,160,0,120
288,2022/12/09/ 18:55:07,:CCF957966AC9,PID=0403:6015 SER=D200BZVHA,-61,14,-12,39,170,160,0,120
289,2022/12/09/ 18:55:07,:CCF957966AC9,PID=0403:6015 SER=D200BZVHA,-61,14,-12,39,170,160,0,120
290,2022/12/09/ 18:55:07,:CCF957966AC9,PID=0403:6015 SER=D200BZVHA,-61,14,-12,39,170,160,0,120
291,2022/12/09/ 18:55:08,:CCF957966AC9,PID=0403:6015 SER=D200BZVHA,-61,14,-12,39,170,160,0,120
292,2022/12/09/ 18:55:08,:CCF957966AC9,PID=0403:6015 SER=D200BZVHA,-61,14,-12,39,170,160,0,120
293,2022/12/09/ 18:55:08,:CCF957966AC9,PID=0403:6015 SER=D200BZVHA,-61,14,-12,39,170,160,0,120
294,2022/12/09/ 18:55:08,:CCF957966AC9,PID=0403:6015 SER=D200BZVHA,-61,14,-12,39,170,160,0,120
295,2022/12/09/ 18:55:08,:CCF957966AC9,PID=0403:6015 SER=D200BZVHA,-61,15,-12,39,170,160,0,120
296,2022/12/09/ 18:55:08,:CCF957966AC9,PID=0403:6015 SER=D200BZVHA,-61,15,-12,39,170,160,0,120
297,2022/12/09/ 18:55:08,:CCF957966AC9,PID=0403:6015 SER=D200BZVHA,-61,15,-12,39,170,160,0,120
298,2022/12/09/ 18:55:08,:CCF957966AC9,PID=0403:6015 SER=D200BZVHA,-61,15,-12,39,170,160,0,120
299,2022/12/09/ 18:55:08,:CCF957966AC9,PID=0403:6015 SER=D200BZVHA,-61,15,-12,39,170,160,0,120
300,2022/12/09/ 18:55:08,:CCF957966AC9,PID=0403:6015 SER=D200BZVHA,-61,15,-12,39,170,160,0,120
301,2022/12/09/ 18:55:08,:CCF957966AC9,PID=0403:6015 SER=D200BZVHA,-61,15,-12,39,170,160,0,120
302,2022/12/09/ 18:55:08,:CCF957966AC9,PID=0403:6015 SER=D200BZVHA,-61,15,-12,39,170,160,0,120
303,2022/12/09/ 18:55:08,:CCF957966AC9,PID=0403:6015 SER=D200BZVHA,-61,15,-12,39,170,160,0,120
304,2022/12/09/ 18:55:08,:CCF957966AC9,PID=0403:6015 SER=D200BZVHA,-61,15,-12,39,170,160,0,120
305,2022/12/09/ 18:55:09,:CCF957966AC9,PID=0403:6015 SER=D200BZVHA,-61,15,-12,39,170,160,0,120
306,2022/12/09/ 18:55:09,:CCF957966AC9,PID=0403:6015 SER=D200BZVHA,-61,15,-12,39,170,160,0,120
307,2022/12/09/ 18:55:09,:CCF957966AC9,PID=0403:6015 SER=D200BZVHA,-61,15,-12,39,170,160,0,120
308,2022/12/09/ 18:55:09,:CCF957966AC9,PID=0403:6015 SER=D200BZVHA,-61,14,-12,39,170,160,0,120
309,2022/12/09/ 18:55:09,:CCF957966AC9,PID=0403:6015 SER=D200BZVHA,-61,14,-12,39,170,160,0,120
310,2022/12/09/ 18:55:09,:CCF957966AC9,PID=0403:6015 SER=D200BZVHA,-61,14,-12,39,170,160,0,120
311,2022/12/09/ 18:55:09,:CCF957966AC9,PID=0403:6015 SER=D200BZVHA,-61,14,-12,39,170,160,0,120
312,2022/12/09/ 18:55:09,:CCF957966AC9,PID=0403:6015 SER=D200BZVHA,-61,14,-12,39,170,160,0,120
313,2022/12/09/ 18:55:09,:CCF957966AC9,PID=0403:6015 SER=D200BZVHA,-61,14,-12,39,170,160,0,120
314,2022/12/09/ 18:55:09,:CCF957966AC9,PID=0403:6015 SER=D200BZVHA,-61,14,-12,39,170,160,0,120
315,2022/12/09/ 18:55:09,:CCF957966AC9,PID=0403:6015 SER=D200BZVHA,-61,14,-12,39,170,160,0,120
316,2022/12/09/ 18:55:10,:CCF957966AC9,PID=0403:6015 SER=D200BZVHA,-61,14,-12,39,170,160,0,120
317,2022/12/09/ 18:55:10,:CCF957966AC9,PID=0403:6015 SER=D200BZVHA,-61,14,-12,39,170,160,0,120
318,2022/12/09/ 18:55:10,:CCF957966AC9,PID=0403:6015 SER=D200BZVHA,-61,14,-12,39,170,160,0,120
319,2022/12/09/ 18:55:10,:CCF957966AC9,PID=0403:6015 SER=D200BZVHA,-61,14,-12,39,170,160,0,120
320,2022/12/09/ 18:55:10,:CCF957966AC9,PID=0403:6015 SER=D200BZVHA,-61,14,-12,39,170,160,0,120
321,2022/12/09/ 18:55:10,:CCF957966AC9,PID=0403:6015 SER=D200BZVHA,-61,14,-12,39,170,160,0,120
322,2022/12/09/ 18:55:10,:CCF957966AC9,PID=0403:6015 SER=D200BZVHA,-61,14,-12,39,170,160,0,120
323,2022/12/09/ 18:55:11,:CCF957966AC9,PID=0403:6015 SER=D200BZVHA,-61,14,-12,39,170,160,0,120
324,2022/12/09/ 18:55:11,:CCF957966AC9,PID=0403:6015 SER=D200BZVHA,-61,14,-12,39,170,160,0,120
325,2022/12/09/ 18:55:11,:CCF957966AC9,PID=0403:6015 SER=D200BZVHA,-61,14,-12,39,170,160,0,120
326,2022/12/09/ 18:55:11,:CCF957966AC9,PID=0403:6015 SER=D200BZVHA,-61,14,-12,39,170,160,0,120
327,2022/12/09/ 18:55:11,:CCF957966AC9,PID=0403:6015 SER=D200BZVHA,-61,14,-12,39,170,160,0,120
328,2022/12/09/ 18:55:11,:CCF957966AC9,PID=0403:6015 SER=D200BZVHA,-61,14,-12,39,170,160,0,120
329,2022/12/09/ 18:55:11,:CCF957966AC9,PID=0403:6015 SER=D200BZVHA,-61,14,-12,39,170,160,0,120
330,2022/12/09/ 18:55:11,:CCF957966AC9,PID=0403:6015 SER=D200BZVHA,-61,14,-12,39,170,160,0,120
331,2022/12/09/ 18:55:11,:CCF957966AC9,PID=0403:6015 SER=D200BZVHA,-61,14,-12,39,170,160,0,120
332,2022/12/09/ 18:55:11,:CCF957966AC9,PID=0403:6015 SER=D200BZVHA,-61,14,-12,39,170,160,0,120
333,2022/12/09/ 18:55:11,:CCF957966AC9,PID=0403:6015 SER=D200BZVHA,-61,14,-12,39,170,160,0,120
334,2022/12/09/ 18:55:11,:CCF957966AC9,PID=0403:6015 SER=D200BZVHA,-61,14,-12,39,170,160,0,120
335,2022/12/09/ 18:55:11,:CCF957966AC9,PID=0403:6015 SER=D200BZVHA,-61,14,-12,39,170,160,0,120
336,2022/12/09/ 18:55:11,:CCF957966AC9,PID=0403:6015 SER=D200BZVHA,-61,14,-12,39,170,160,0,120
337,2022/12/09/ 18:55:11,:CCF957966AC9,PID=0403:6015 SER=D200BZVHA,-61,14,-12,39,170,160,0,120
338,2022/12/09/ 18:55:12,:CCF957966AC9,PID=0403:6015 SER=D200BZVHA,-61,14,-12,39,170,160,0,120
339,2022/12/09/ 18:55:12,:CCF957966AC9,PID=0403:6015 SER=D200BZVHA,-61,14,-11,39,170,160,0,120
340,2022/12/09/ 18:55:12,:CCF957966AC9,PID=0403:6015 SER=D200BZVHA,-61,14,-11,39,170,160,0,120
341,2022/12/09/ 18:55:12,:CCF957966AC9,PID=0403:6015 SER=D200BZVHA,-61,14,-11,39,170,160,0,120
342,2022/12/09/ 18:55:12,:CCF957966AC9,PID=0403:6015 SER=D200BZVHA,-61,14,-12,39,170,160,0,120
343,2022/12/09/ 18:55:12,:CCF957966AC9,PID=0403:6015 SER=D200BZVHA,-61,14,-12,39,170,160,0,120
344,2022/12/09/ 18:55:12,:CCF957966AC9,PID=0403:6015 SER=D200BZVHA,-61,14,-12,39,170,160,0,120
345,2022/12/09/ 18:55:12,:CCF957966AC9,PID=0403:6015 SER=D200BZVHA,-61,14,-12,39,170,160,0,120
346,2022/12/09/ 18:55:13,:CCF957966AC9,PID=0403:6015 SER=D200BZVHA,-61,14,-12,39,170,160,0,120
347,2022/12/09/ 18:55:13,:CCF957966AC9,PID=0403:6015 SER=D200BZVHA,-61,14,-11,39,170,160,0,120
348,2022/12/09/ 18:55:13,:CCF957966AC9,PID=0403:6015 SER=D200BZVHA,-61,13,-11,39,170,160,0,120
349,2022/12/09/ 18:55:13,:CCF957966AC9,PID=0403:6015 SER=D200BZVHA,-61,13,-12,39,170,160,0,120
350,2022/12/09/ 18:55:13,:CCF957966AC9,PID=0403:6015 SER=D200BZVHA,-61,13,-12,39,170,160,0,120
351,2022/12/09/ 18:55:13,:CCF957966AC9,PID=0403:6015 SER=D200BZVHA,-61,14,-12,39,170,160,0,120
352,2022/12/09/ 18:55:13,:CCF957966AC9,PID=0403:6015 SER=D200BZVHA,-61,14,-12,39,170,160,0,120
353,2022/12/09/ 18:55:13,:CCF957966AC9,PID=0403:6015 SER=D200BZVHA,-61,14,-12,39,170,160,0,120
354,2022/12/09/ 18:55:13,:CCF957966AC9,PID=0403:6015 SER=D200BZVHA,-61,13,-12,39,170,160,0,120
355,2022/12/09/ 18:55:13,:CCF957966AC9,PID=0403:6015 SER=D200BZVHA,-61,13,-12,39,170,160,0,120
356,2022/12/09/ 18:55:13,:CCF957966AC9,PID=0403:6015 SER=D200BZVHA,-61,13,-12,39,170,160,0,120
357,2022/12/09/ 18:55:13,:CCF957966AC9,PID=0403:6015 SER=D200BZVHA,-61,13,-12,39,170,160,0,120
358,2022/12/09/ 18:55:13,:CCF957966AC9,PID=0403:6015 SER=D200BZVHA,-61,13,-12,39,170,160,0,120
359,2022/12/09/ 18:55:13,:CCF957966AC9,PID=0403:6015 SER=D200BZVHA,-61,13,-12,39,170,160,0,120
360,2022/12/09/ 18:55:14,:CCF957966AC9,PID=0403:6015 SER=D200BZVHA,-61,13,-12,39,170,160,0,120
361,2022/12/09/ 18:55:14,:CCF957966AC9,PID=0403:6015 SER=D200BZVHA,-61,13,-12,39,170,160,0,120
362,2022/12/09/ 18:55:14,:CCF957966AC9,PID=0403:6015 SER=D200BZVHA,-61,13,-12,39,170,160,0,120
363,2022/12/09/ 18:55:14,:CCF957966AC9,PID=0403:6015 SER=D200BZVHA,-61,13,-12,39,170,160,0,120
364,2022/12/09/ 18:55:14,:CCF957966AC9,PID=0403:6015 SER=D200BZVHA,-61,12,-12,39,170,160,0,120
365,2022/12/09/ 18:55:14,:CCF957966AC9,PID=0403:6015 SER=D200BZVHA,-61,12,-12,39,170,160,0,120
366,2022/12/09/ 18:55:14,:CCF957966AC9,PID=0403:6015 SER=D200BZVHA,-61,12,-12,39,170,160,0,120
367,2022/12/09/ 18:55:14,:CCF957966AC9,PID=0403:6015 SER=D200BZVHA,-61,12,-12,39,170,160,0,120
368,2022/12/09/ 18:55:14,:CCF957966AC9,PID=0403:6015 SER=D200BZVHA,-61,13,-12,39,170,160,0,120
369,2022/12/09/ 18:55:14,:CCF957966AC9,PID=0403:6015 SER=D200BZVHA,-61,13,-12,39,170,160,0,120
370,2022/12/09/ 18:55:14,:CCF957966AC9,PID=0403:6015 SER=D200BZVHA,-61,13,-12,39,170,160,0,120
371,2022/12/09/ 18:55:14,:CCF957966AC9,PID=0403:6015 SER=D200BZVHA,-61,13,-12,39,170,160,0,120
372,2022/12/09/ 18:55:14,:CCF957966AC9,PID=0403:6015 SER=D200BZVHA,-61,13,-12,39,170,160,0,120
373,2022/12/09/ 18:55:14,:CCF957966AC9,PID=0403:6015 SER=D200BZVHA,-61,13,-12,39,170,160,0,120
374,2022/12/09/ 18:55:14,:CCF957966AC9,PID=0403:6015 SER=D200BZVHA,-61,13,-12,39,170,160,0,120
375,2022/12/09/ 18:55:14,:CCF957966AC9,PID=0403:6015 SER=D200BZVHA,-61,13,-12,39,170,160,0,120
376,2022/12/09/ 18:55:14,:CCF957966AC9,PID=0403:6015 SER=D200BZVHA,-61,13,-12,39,170,160,0,120
377,2022/12/09/ 18:55:14,:CCF957966AC9,PID=0403:6015 SER=D200BZVHA,-61,13,-12,39,170,160,0,120
378,2022/12/09/ 18:55:14,:CCF957966AC9,PID=0403:6015 SER=D200BZVHA,-61,13,-12,39,170,160,0,120
379,2022/12/09/ 18:55:15,:CCF957966AC9,PID=0403:6015 SER=D200BZVHA,-61,13,-12,39,170,160,0,120
380,2022/12/09/ 18:55:15,:CCF957966AC9,PID=0403:6015 SER=D200BZVHA,-61,13,-12,39,170,160,0,120
381,2022/12/09/ 18:55:15,:CCF957966AC9,PID=0403:6015 SER=D200BZVHA,-61,14,-12,39,170,160,0,120
382,2022/12/09/ 18:55:15,:CCF957966AC9,PID=0403:6015 SER=D200BZVHA,-61,14,-12,39,170,160,0,120
383,2022/12/09/ 18:55:15,:CCF957966AC9,PID=0403:6015 SER=D200BZVHA,-61,14,-12,39,170,160,0,120
384,2022/12/09/ 18:55:15,:CCF957966AC9,PID=0403:6015 SER=D200BZVHA,-61,14,-12,39,170,160,0,120
385,2022/12/09/ 18:55:15,:CCF957966AC9,PID=0403:6015 SER=D200BZVHA,-61,14,-12,39,170,160,0,120
386,2022/12/09/ 18:55:15,:CCF957966AC9,PID=0403:6015 SER=D200BZVHA,-61,14,-12,39,170,160,0,120
387,2022/12/09/ 18:55:15,:CCF957966AC9,PID=0403:6015 SER=D200BZVHA,-61,14,-12,39,170,160,0,120
388,2022/12/09/ 18:55:16,:CCF957966AC9,PID=0403:6015 SER=D200BZVHA,-61,14,-12,39,170,160,0,120
389,2022/12/09/ 18:55:16,:CCF957966AC9,PID=0403:6015 SER=D200BZVHA,-61,14,-12,39,170,160,0,120
390,2022/12/09/ 18:55:16,:CCF957966AC9,PID=0403:6015 SER=D200BZVHA,-61,14,-12,39,170,160,0,120
391,2022/12/09/ 18:55:16,:CCF957966AC9,PID=0403:6015 SER=D200BZVHA,-61,14,-12,39,170,160,0,120
392,2022/12/09/ 18:55:16,:CCF957966AC9,PID=0403:6015 SER=D200BZVHA,-61,14,-12,39,170,160,0,120
393,2022/12/09/ 18:55:16,:CCF957966AC9,PID=0403:6015 SER=D200BZVHA,-61,14,-12,39,170,160,0,120
394,2022/12/09/ 18:55:16,:CCF957966AC9,PID=0403:6015 SER=D200BZVHA,-61,14,-12,39,170,160,0,120
395,2022/12/09/ 18:55:16,:CCF957966AC9,PID=0403:6015 SER=D200BZVHA,-61,13,-12,39,170,160,0,120
396,2022/12/09/ 18:55:16,:CCF957966AC9,PID=0403:6015 SER=D200BZVHA,-61,13,-12,39,170,160,0,120
397,2022/12/09/ 18:55:16,:CCF957966AC9,PID=0403:6015 SER=D200BZVHA,-61,13,-12,39,170,160,0,120
398,2022/12/09/ 18:55:16,:CCF957966AC9,PID=0403:6015 SER=D200BZVHA,-61,13,-12,39,170,160,0,120
399,2022/12/09/ 18:55:16,:CCF957966AC9,PID=0403:6015 SER=D200BZVHA,-61,13,-12,39,170,160,0,120
400,2022/12/09/ 18:55:17,:CCF957966AC9,PID=0403:6015 SER=D200BZVHA,-61,13,-12,39,170,160,0,120
401,2022/12/09/ 18:55:17,:CCF957966AC9,PID=0403:6015 SER=D200BZVHA,-61,13,-12,39,170,160,0,120
402,2022/12/09/ 18:55:17,:CCF957966AC9,PID=0403:6015 SER=D200BZVHA,-61,13,-12,39,170,160,0,120
403,2022/12/09/ 18:55:17,:CCF957966AC9,PID=0403:6015 SER=D200BZVHA,-61,13,-12,39,170,160,0,120
404,2022/12/09/ 18:55:17,:CCF957966AC9,PID=0403:6015 SER=D200BZVHA,-61,13,-12,39,170,160,0,120
405,2022/12/09/ 18:55:17,:CCF957966AC9,PID=0403:6015 SER=D200BZVHA,-61,13,-12,39,170,160,0,120
406,2022/12/09/ 18:55:17,:CCF957966AC9,PID=0403:6015 SER=D200BZVHA,-61,13,-12,39,170,160,0,120
407,2022/12/09/ 18:55:17,:CCF957966AC9,PID=0403:6015 SER=D200BZVHA,-61,13,-12,39,170,160,0,120
408,2022/12/09/ 18:55:17,:CCF957966AC9,PID=0403:6015 SER=D200BZVHA,-61,13,-12,39,170,160,0,120
409,2022/12/09/ 18:55:17,:CCF957966AC9,PID=0403:6015 SER=D200BZVHA,-61,13,-12,39,170,160,0,120
410,2022/12/09/ 18:55:17,:CCF957966AC9,PID=0403:6015 SER=D200BZVHA,-61,13,-12,39,170,160,0,120
411,2022/12/09/ 18:55:17,:CCF957966AC9,PID=0403:6015 SER=D200BZVHA,-61,13,-12,39,170,160,0,120
412,2022/12/09/ 18:55:18,:CCF957966AC9,PID=0403:6015 SER=D200BZVHA,-61,13,-12,39,170,160,0,120
413,2022/12/09/ 18:55:18,:CCF957966AC9,PID=0403:6015 SER=D200BZVHA,-61,13,-12,39,170,160,0,120
414,2022/12/09/ 18:55:18,:CCF957966AC9,PID=0403:6015 SER=D200BZVHA,-61,13,-12,39,170,160,0,120
415,2022/12/09/ 18:55:18,:CCF957966AC9,PID=0403:6015 SER=D200BZVHA,-61,13,-12,39,170,160,0,120
416,2022/12/09/ 18:55:18,:CCF957966AC9,PID=0403:6015 SER=D200BZVHA,-61,13,-12,39,170,160,0,120
417,2022/12/09/ 18:55:18,:CCF957966AC9,PID=0403:6015 SER=D200BZVHA,-61,13,-12,39,170,160,0,120
418,2022/12/09/ 18:55:18,:CCF957966AC9,PID=0403:6015 SER=D200BZVHA,-61,13,-12,39,170,160,0,120
419,2022/12/09/ 18:55:18,:CCF957966AC9,PID=0403:6015 SER=D200BZVHA,-61,13,-12,39,170,160,0,120
420,2022/12/09/ 18:55:18,:CCF957966AC9,PID=0403:6015 SER=D200BZVHA,-61,13,-12,39,170,160,0,120
421,2022/12/09/ 18:55:18,:CCF957966AC9,PID=0403:6015 SER=D200BZVHA,-61,13,-12,39,170,160,0,120
422,2022/12/09/ 18:55:18,:CCF957966AC9,PID=0403:6015 SER=D200BZVHA,-61,13,-12,39,170,160,0,120
423,2022/12/09/ 18:55:18,:CCF957966AC9,PID=0403:6015 SER=D200BZVHA,-61,14,-12,39,170,160,0,120
424,2022/12/09/ 18:55:18,:CCF957966AC9,PID=0403:6015 SER=D200BZVHA,-61,14,-12,39,170,160,0,120
425,2022/12/09/ 18:55:18,:CCF957966AC9,PID=0403:6015 SER=D200BZVHA,-61,14,-12,39,170,160,0,120
426,2022/12/09/ 18:55:18,:CCF957966AC9,PID=0403:6015 SER=D200BZVHA,-61,14,-12,39,170,160,0,120
427,2022/12/09/ 18:55:19,:CCF957966AC9,PID=0403:6015 SER=D200BZVHA,-61,14,-12,39,170,160,0,120
428,2022/12/09/ 18:55:19,:CCF957966AC9,PID=0403:6015 SER=D200BZVHA,-61,14,-12,39,170,160,0,120
429,2022/12/09/ 18:55:19,:CCF957966AC9,PID=0403:6015 SER=D200BZVHA,-61,14,-12,39,170,160,0,120
430,2022/12/09/ 18:55:19,:CCF957966AC9,PID=0403:6015 SER=D200BZVHA,-61,14,-12,39,170,160,0,120
431,2022/12/09/ 18:55:19,:CCF957966AC9,PID=0403:6015 SER=D200BZVHA,-61,14,-12,39,170,160,0,120
432,2022/12/09/ 18:55:19,:CCF957966AC9,PID=0403:6015 SER=D200BZVHA,-61,14,-12,39,170,160,0,120
433,2022/12/09/ 18:55:19,:CCF957966AC9,PID=0403:6015 SER=D200BZVHA,-61,14,-12,39,170,160,0,120
434,2022/12/09/ 18:55:19,:CCF957966AC9,PID=0403:6015 SER=D200BZVHA,-61,14,-12,39,170,160,0,120
435,2022/12/09/ 18:55:19,:CCF957966AC9,PID=0403:6015 SER=D200BZVHA,-61,14,-12,39,170,160,0,120
436,2022/12/09/ 18:55:19,:CCF957966AC9,PID=0403:6015 SER=D200BZVHA,-61,13,-12,39,170,160,0,120
437,2022/12/09/ 18:55:19,:CCF957966AC9,PID=0403:6015 SER=D200BZVHA,-61,13,-12,39,170,160,0,120
438,2022/12/09/ 18:55:19,:CCF957966AC9,PID=0403:6015 SER=D200BZVHA,-61,13,-12,39,170,160,0,120
439,2022/12/09/ 18:55:19,:CCF957966AC9,PID=0403:6015 SER=D200BZVHA,-61,13,-12,39,170,160,0,120
440,2022/12/09/ 18:55:19,:CCF957966AC9,PID=0403:6015 SER=D200BZVHA,-61,13,-12,39,170,160,0,120
441,2022/12/09/ 18:55:19,:CCF957966AC9,PID=0403:6015 SER=D200BZVHA,-61,13,-12,39,170,160,0,120
442,2022/12/09/ 18:55:19,:CCF957966AC9,PID=0403:6015 SER=D200BZVHA,-61,13,-12,39,170,160,0,120
443,2022/12/09/ 18:55:20,:CCF957966AC9,PID=0403:6015 SER=D200BZVHA,-61,13,-12,39,170,160,0,120
444,2022/12/09/ 18:55:20,:CCF957966AC9,PID=0403:6015 SER=D200BZVHA,-67,13,-12,38,170,160,0,120
445,2022/12/09/ 18:55:20,:CCF957966AC9,PID=0403:6015 SER=D200BZVHA,-61,13,-12,39,170,160,0,120
446,2022/12/09/ 18:55:20,:CCF957966AC9,PID=0403:6015 SER=D200BZVHA,-61,13,-12,39,170,160,0,120
447,2022/12/09/ 18:55:20,:CCF957966AC9,PID=0403:6015 SER=D200BZVHA,-61,13,-12,39,170,160,0,120
448,2022/12/09/ 18:55:20,:CCF957966AC9,PID=0403:6015 SER=D200BZVHA,-61,13,-12,39,170,160,0,120
449,2022/12/09/ 18:55:20,:CCF957966AC9,PID=0403:6015 SER=D200BZVHA,-61,13,-12,39,170,160,0,120
450,2022/12/09/ 18:55:20,:CCF957966AC9,PID=0403:6015 SER=D200BZVHA,-61,13,-12,39,170,160,0,120
451,2022/12/09/ 18:55:20,:CCF957966AC9,PID=0403:6015 SER=D200BZVHA,-61,13,-12,39,170,160,0,120
452,2022/12/09/ 18:55:20,:CCF957966AC9,PID=0403:6015 SER=D200BZVHA,-61,13,-12,39,170,160,0,120
453,2022/12/09/ 18:55:20,:CCF957966AC9,PID=0403:6015 SER=D200BZVHA,-61,13,-12,39,170,160,0,120
454,2022/12/09/ 18:55:20,:CCF957966AC9,PID=0403:6015 SER=D200BZVHA,-61,13,-12,39,170,160,0,120
455,2022/12/09/ 18:55:20,:CCF957966AC9,PID=0403:6015 SER=D200BZVHA,-61,13,-12,39,170,160,0,120
456,2022/12/09/ 18:55:20,:CCF957966AC9,PID=0403:6015 SER=D200BZVHA,-61,13,-12,39,170,160,0,120
457,2022/12/09/ 18:55:20,:CCF957966AC9,PID=0403:6015 SER=D200BZVHA,-61,13,-12,39,170,160,0,120
458,2022/12/09/ 18:55:20,:CCF957966AC9,PID=0403:6015 SER=D200BZVHA,-61,13,-12,39,170,160,0,120
459,2022/12/09/ 18:55:20,:CCF957966AC9,PID=0403:6015 SER=D200BZVHA,-61,13,-12,39,170,160,0,120
460,2022/12/09/ 18:55:20,:CCF957966AC9,PID=0403:6015 SER=D200BZVHA,-61,13,-12,39,170,160,0,120
461,2022/12/09/ 18:55:21,:CCF957966AC9,PID=0403:6015 SER=D200BZVHA,-61,13,-12,39,170,160,0,120
462,2022/12/09/ 18:55:21,:CCF957966AC9,PID=0403:6015 SER=D200BZVHA,-61,13,-12,39,170,160,0,120
463,2022/12/09/ 18:55:21,:CCF957966AC9,PID=0403:6015 SER=D200BZVHA,-61,13,-12,39,170,160,0,120
464,2022/12/09/ 18:55:21,:CCF957966AC9,PID=0403:6015 SER=D200BZVHA,-61,13,-12,39,170,160,0,120
465,2022/12/09/ 18:55:21,:CCF957966AC9,PID=0403:6015 SER=D200BZVHA,-61,13,-12,39,170,160,0,120
466,2022/12/09/ 18:55:21,:CCF957966AC9,PID=0403:6015 SER=D200BZVHA,-61,13,-12,39,170,160,0,120
467,2022/12/09/ 18:55:21,:CCF957966AC9,PID=0403:6015 SER=D200BZVHA,-61,13,-12,39,170,160,0,120
468,2022/12/09/ 18:55:21,:CCF957966AC9,PID=0403:6015 SER=D200BZVHA,-61,13,-12,39,170,160,0,120
469,2022/12/09/ 18:55:21,:CCF957966AC9,PID=0403:6015 SER=D200BZVHA,-61,13,-12,39,170,160,0,120
470,2022/12/09/ 18:55:21,:CCF957966AC9,PID=0403:6015 SER=D200BZVHA,-61,13,-12,39,170,160,0,120
471,2022/12/09/ 18:55:21,:CCF957966AC9,PID=0403:6015 SER=D200BZVHA,-61,13,-12,39,170,160,0,120
472,2022/12/09/ 18:55:21,:CCF957966AC9,PID=0403:6015 SER=D200BZVHA,-61,13,-12,39,170,160,0,120
473,2022/12/09/ 18:55:21,:CCF957966AC9,PID=0403:6015 SER=D200BZVHA,-61,13,-12,39,170,160,0,120
474,2022/12/09/ 18:55:21,:CCF957966AC9,PID=0403:6015 SER=D200BZVHA,-61,13,-12,39,170,160,0,120
475,2022/12/09/ 18:55:21,:CCF957966AC9,PID=0403:6015 SER=D200BZVHA,-61,13,-12,39,170,160,0,120
476,2022/12/09/ 18:55:22,:CCF957966AC9,PID=0403:6015 SER=D200BZVHA,-61,13,-12,39,170,160,0,120
477,2022/12/09/ 18:55:22,:CCF957966AC9,PID=0403:6015 SER=D200BZVHA,-61,13,-12,39,170,160,0,120
478,2022/12/09/ 18:55:22,:CCF957966AC9,PID=0403:6015 SER=D200BZVHA,-61,13,-12,39,170,160,0,120
479,2022/12/09/ 18:55:22,:CCF957966AC9,PID=0403:6015 SER=D200BZVHA,-61,13,-12,39,170,160,0,120
480,2022/12/09/ 18:55:22,:CCF957966AC9,PID=0403:6015 SER=D200BZVHA,-61,13,-12,39,170,160,0,120
481,2022/12/09/ 18:55:22,:CCF957966AC9,PID=0403:6015 SER=D200BZVHA,-61,13,-12,39,170,160,0,120
482,2022/12/09/ 18:55:22,:CCF957966AC9,PID=0403:6015 SER=D200BZVHA,-61,14,-12,39,170,160,0,120
483,2022/12/09/ 18:55:22,:CCF957966AC9,PID=0403:6015 SER=D200BZVHA,-61,14,-12,39,170,160,0,120
484,2022/12/09/ 18:55:22,:CCF957966AC9,PID=0403:6015 SER=D200BZVHA,-61,14,-12,39,170,160,0,120
485,2022/12/09/ 18:55:23,:CCF957966AC9,PID=0403:6015 SER=D200BZVHA,-61,14,-12,39,170,160,0,120
486,2022/12/09/ 18:55:23,:CCF957966AC9,PID=0403:6015 SER=D200BZVHA,-61,14,-12,39,170,160,0,120
487,2022/12/09/ 18:55:23,:CCF957966AC9,PID=0403:6015 SER=D200BZVHA,-61,14,-12,39,170,160,0,120
488,2022/12/09/ 18:55:23,:CCF957966AC9,PID=0403:6015 SER=D200BZVHA,-61,14,-12,39,170,160,0,120
489,2022/12/09/ 18:55:23,:CCF957966AC9,PID=0403:6015 SER=D200BZVHA,-61,14,-12,39,170,160,0,120
490,2022/12/09/ 18:55:23,:CCF957966AC9,PID=0403:6015 SER=D200BZVHA,-61,14,-12,39,170,160,0,120
491,2022/12/09/ 18:55:23,:CCF957966AC9,PID=0403:6015 SER=D200BZVHA,-61,14,-12,39,170,160,0,120
492,2022/12/09/ 18:55:23,:CCF957966AC9,PID=0403:6015 SER=D200BZVHA,-61,14,-12,39,170,160,0,120
493,2022/12/09/ 18:55:23,:CCF957966AC9,PID=0403:6015 SER=D200BZVHA,-61,14,-12,39,170,160,0,120
494,2022/12/09/ 18:55:23,:CCF957966AC9,PID=0403:6015 SER=D200BZVHA,-61,13,-12,39,170,160,0,120
495,2022/12/09/ 18:55:23,:CCF957966AC9,PID=0403:6015 SER=D200BZVHA,-61,13,-12,39,170,160,0,120
496,2022/12/09/ 18:55:23,:CCF957966AC9,PID=0403:6015 SER=D200BZVHA,-61,13,-12,39,170,160,0,120
497,2022/12/09/ 18:55:23,:CCF957966AC9,PID=0403:6015 SER=D200BZVHA,-61,13,-12,39,170,160,0,120
498,2022/12/09/ 18:55:23,:CCF957966AC9,PID=0403:6015 SER=D200BZVHA,-61,13,-12,39,170,160,0,120
499,2022/12/09/ 18:55:23,:CCF957966AC9,PID=0403:6015 SER=D200BZVHA,-61,13,-12,39,170,160,0,120
500,2022/12/09/ 18:55:24,:CCF957966AC9,PID=0403:6015 SER=D200BZVHA,-61,13,-12,39,170,160,0,120
501,2022/12/09/ 18:55:24,:CCF957966AC9,PID=0403:6015 SER=D200BZVHA,-61,13,-12,39,170,160,0,120
502,2022/12/09/ 18:55:24,:CCF957966AC9,PID=0403:6015 SER=D200BZVHA,-61,13,-12,39,170,160,0,120
503,2022/12/09/ 18:55:24,:CCF957966AC9,PID=0403:6015 SER=D200BZVHA,-61,13,-12,39,170,160,0,120
504,2022/12/09/ 18:55:24,:CCF957966AC9,PID=0403:6015 SER=D200BZVHA,-61,13,-12,39,170,160,0,120
505,2022/12/09/ 18:55:24,:CCF957966AC9,PID=0403:6015 SER=D200BZVHA,-61,13,-12,39,170,160,0,120
506,2022/12/09/ 18:55:24,:CCF957966AC9,PID=0403:6015 SER=D200BZVHA,-61,13,-12,39,170,160,0,120
507,2022/12/09/ 18:55:24,:CCF957966AC9,PID=0403:6015 SER=D200BZVHA,-61,13,-12,39,170,160,0,120
508,2022/12/09/ 18:55:24,:CCF957966AC9,PID=0403:6015 SER=D200BZVHA,-61,13,-12,39,170,160,0,120
509,2022/12/09/ 18:55:24,:CCF957966AC9,PID=0403:6015 SER=D200BZVHA,-61,13,-12,39,170,160,0,120
510,2022/12/09/ 18:55:24,:CCF957966AC9,PID=0403:6015 SER=D200BZVHA,-61,13,-12,39,170,160,0,120
511,2022/12/09/ 18:55:25,:CCF957966AC9,PID=0403:6015 SER=D200BZVHA,-61,12,-12,39,170,160,0,120
512,2022/12/09/ 18:55:25,:CCF957966AC9,PID=0403:6015 SER=D200BZVHA,-61,13,-12,39,170,160,0,120
513,2022/12/09/ 18:55:25,:CCF957966AC9,PID=0403:6015 SER=D200BZVHA,-61,13,-12,39,170,160,0,120
514,2022/12/09/ 18:55:25,:CCF957966AC9,PID=0403:6015 SER=D200BZVHA,-61,13,-12,39,170,160,0,120
515,2022/12/09/ 18:55:25,:CCF957966AC9,PID=0403:6015 SER=D200BZVHA,-61,13,-12,39,170,160,0,120
516,2022/12/09/ 18:55:25,:CCF957966AC9,PID=0403:6015 SER=D200BZVHA,-61,13,-12,39,170,160,0,120
517,2022/12/09/ 18:55:25,:CCF957966AC9,PID=0403:6015 SER=D200BZVHA,-61,13,-12,39,170,160,0,120
518,2022/12/09/ 18:55:25,:CCF957966AC9,PID=0403:6015 SER=D200BZVHA,-61,13,-12,39,170,160,0,120
519,2022/12/09/ 18:55:25,:CCF957966AC9,PID=0403:6015 SER=D200BZVHA,-61,13,-12,39,170,160,0,120
520,2022/12/09/ 18:55:25,:CCF957966AC9,PID=0403:6015 SER=D200BZVHA,-61,13,-12,39,170,160,0,120
521,2022/12/09/ 18:55:25,:CCF957966AC9,PID=0403:6015 SER=D200BZVHA,-61,14,-12,39,170,160,0,120
522,2022/12/09/ 18:55:26,:CCF957966AC9,PID=0403:6015 SER=D200BZVHA,-61,14,-12,39,170,160,0,120
523,2022/12/09/ 18:55:26,:CCF957966AC9,PID=0403:6015 SER=D200BZVHA,-61,14,-12,39,170,160,0,120
524,2022/12/09/ 18:55:26,:CCF957966AC9,PID=0403:6015 SER=D200BZVHA,-61,14,-12,39,170,160,0,120
525,2022/12/09/ 18:55:26,:CCF957966AC9,PID=0403:6015 SER=D200BZVHA,-61,14,-12,39,170,160,0,120
526,2022/12/09/ 18:55:26,:CCF957966AC9,PID=0403:6015 SER=D200BZVHA,-61,14,-12,39,170,160,0,120
527,2022/12/09/ 18:55:26,:CCF957966AC9,PID=0403:6015 SER=D200BZVHA,-61,14,-12,39,170,160,0,120
528,2022/12/09/ 18:55:26,:CCF957966AC9,PID=0403:6015 SER=D200BZVHA,-61,14,-12,39,170,160,0,120
529,2022/12/09/ 18:55:26,:CCF957966AC9,PID=0403:6015 SER=D200BZVHA,-61,14,-12,39,170,160,0,120
530,2022/12/09/ 18:55:26,:CCF957966AC9,PID=0403:6015 SER=D200BZVHA,-61,14,-12,39,170,160,0,120
531,2022/12/09/ 18:55:26,:CCF957966AC9,PID=0403:6015 SER=D200BZVHA,-61,14,-12,39,170,160,0,120
532,2022/12/09/ 18:55:26,:CCF957966AC9,PID=0403:6015 SER=D200BZVHA,-61,14,-12,39,170,160,0,120
533,2022/12/09/ 18:55:26,:CCF957966AC9,PID=0403:6015 SER=D200BZVHA,-61,13,-12,39,170,160,0,120
534,2022/12/09/ 18:55:26,:CCF957966AC9,PID=0403:6015 SER=D200BZVHA,-61,13,-12,39,170,160,0,120
535,2022/12/09/ 18:55:27,:CCF957966AC9,PID=0403:6015 SER=D200BZVHA,-61,13,-12,39,170,160,0,120
536,2022/12/09/ 18:55:27,:CCF957966AC9,PID=0403:6015 SER=D200BZVHA,-61,13,-12,39,170,160,0,120
537,2022/12/09/ 18:55:27,:CCF957966AC9,PID=0403:6015 SER=D200BZVHA,-61,13,-12,39,170,160,0,120
538,2022/12/09/ 18:55:27,:CCF957966AC9,PID=0403:6015 SER=D200BZVHA,-61,13,-12,39,170,160,0,120
539,2022/12/09/ 18:55:27,:CCF957966AC9,PID=0403:6015 SER=D200BZVHA,-61,13,-12,39,170,160,0,120
540,2022/12/09/ 18:55:27,:CCF957966AC9,PID=0403:6015 SER=D200BZVHA,-61,13,-12,39,170,160,0,120
541,2022/12/09/ 18:55:27,:CCF957966AC9,PID=0403:6015 SER=D200BZVHA,-61,13,-12,39,170,160,0,120
542,2022/12/09/ 18:55:27,:CCF957966AC9,PID=0403:6015 SER=D200BZVHA,-61,13,-12,39,170,160,0,120
543,2022/12/09/ 18:55:27,:CCF957966AC9,PID=0403:6015 SER=D200BZVHA,-61,13,-12,39,170,160,0,120
544,2022/12/09/ 18:55:27,:CCF957966AC9,PID=0403:6015 SER=D200BZVHA,-61,13,-12,39,170,160,0,120
545,2022/12/09/ 18:55:27,:CCF957966AC9,PID=0403:6015 SER=D200BZVHA,-61,13,-12,39,170,160,0,120
546,2022/12/09/ 18:55:27,:CCF957966AC9,PID=0403:6015 SER=D200BZVHA,-61,13,-12,39,170,160,0,120
547,2022/12/09/ 18:55:27,:CCF957966AC9,PID=0403:6015 SER=D200BZVHA,-61,13,-12,39,170,160,0,120
548,2022/12/09/ 18:55:27,:CCF957966AC9,PID=0403:6015 SER=D200BZVHA,-61,13,-12,39,170,160,0,120
549,2022/12/09/ 18:55:27,:CCF957966AC9,PID=0403:6015 SER=D200BZVHA,-61,13,-12,39,170,160,0,120
550,2022/12/09/ 18:55:28,:CCF957966AC9,PID=0403:6015 SER=D200BZVHA,-61,13,-12,39,170,160,0,120
551,2022/12/09/ 18:55:28,:CCF957966AC9,PID=0403:6015 SER=D200BZVHA,-61,13,-12,39,170,160,0,120
552,2022/12/09/ 18:55:28,:CCF957966AC9,PID=0403:6015 SER=D200BZVHA,-61,13,-12,39,170,160,0,120
553,2022/12/09/ 18:55:28,:CCF957966AC9,PID=0403:6015 SER=D200BZVHA,-61,13,-12,39,170,160,0,120
554,2022/12/09/ 18:55:28,:CCF957966AC9,PID=0403:6015 SER=D200BZVHA,-61,13,-12,39,170,160,0,120
555,2022/12/09/ 18:55:28,:CCF957966AC9,PID=0403:6015 SER=D200BZVHA,-61,13,-12,39,170,160,0,120
556,2022/12/09/ 18:55:28,:CCF957966AC9,PID=0403:6015 SER=D200BZVHA,-61,13,-12,39,170,160,0,120
557,2022/12/09/ 18:55:28,:CCF957966AC9,PID=0403:6015 SER=D200BZVHA,-61,13,-12,39,170,160,0,120
558,2022/12/09/ 18:55:28,:CCF957966AC9,PID=0403:6015 SER=D200BZVHA,-61,13,-12,39,170,160,0,120
559,2022/12/09/ 18:55:28,:CCF957966AC9,PID=0403:6015 SER=D200BZVHA,-61,13,-12,39,170,160,0,120
560,2022/12/09/ 18:55:28,:CCF957966AC9,PID=0403:6015 SER=D200BZVHA,-61,13,-12,39,170,160,0,120
561,2022/12/09/ 18:55:28,:CCF957966AC9,PID=0403:6015 SER=D200BZVHA,-61,13,-12,39,170,160,0,120
562,2022/12/09/ 18:55:28,:CCF957966AC9,PID=0403:6015 SER=D200BZVHA,-61,13,-12,39,170,160,0,120
563,2022/12/09/ 18:55:29,:CCF957966AC9,PID=0403:6015 SER=D200BZVHA,-61,13,-12,39,170,160,0,120
564,2022/12/09/ 18:55:29,:CCF957966AC9,PID=0403:6015 SER=D200BZVHA,-61,13,-12,39,170,160,0,120
565,2022/12/09/ 18:55:29,:CCF957966AC9,PID=0403:6015 SER=D200BZVHA,-61,13,-12,39,170,160,0,120
566,2022/12/09/ 18:55:29,:CCF957966AC9,PID=0403:6015 SER=D200BZVHA,-61,13,-12,39,170,160,0,120
567,2022/12/09/ 18:55:29,:CCF957966AC9,PID=0403:6015 SER=D200BZVHA,-61,13,-12,39,170,160,0,120
568,2022/12/09/ 18:55:29,:CCF957966AC9,PID=0403:6015 SER=D200BZVHA,-61,13,-12,39,170,160,0,120
569,2022/12/09/ 18:55:29,:CCF957966AC9,PID=0403:6015 SER=D200BZVHA,-61,13,-12,39,170,160,0,120
570,2022/12/09/ 18:55:29,:CCF957966AC9,PID=0403:6015 SER=D200BZVHA,-61,13,-12,39,170,160,0,120
571,2022/12/09/ 18:55:29,:CCF957966AC9,PID=0403:6015 SER=D200BZVHA,-61,14,-11,39,170,160,0,120
572,2022/12/09/ 18:55:29,:CCF957966AC9,PID=0403:6015 SER=D200BZVHA,-61,14,-12,39,170,160,0,120
573,2022/12/09/ 18:55:29,:CCF957966AC9,PID=0403:6015 SER=D200BZVHA,-61,14,-12,39,170,160,0,120
574,2022/12/09/ 18:55:29,:CCF957966AC9,PID=0403:6015 SER=D200BZVHA,-61,14,-12,39,170,160,0,120
575,2022/12/09/ 18:55:30,:CCF957966AC9,PID=0403:6015 SER=D200BZVHA,-61,14,-12,39,170,160,0,120
576,2022/12/09/ 18:55:30,:CCF957966AC9,PID=0403:6015 SER=D200BZVHA,-61,14,-12,39,170,160,0,120
577,2022/12/09/ 18:55:30,:CCF957966AC9,PID=0403:6015 SER=D200BZVHA,-61,14,-12,39,170,160,0,120
578,2022/12/09/ 18:55:30,:CCF957966AC9,PID=0403:6015 SER=D200BZVHA,-61,14,-12,39,170,160,0,120
579,2022/12/09/ 18:55:30,:CCF957966AC9,PID=0403:6015 SER=D200BZVHA,-61,14,-12,39,170,160,0,120
580,2022/12/09/ 18:55:30,:CCF957966AC9,PID=0403:6015 SER=D200BZVHA,-61,14,-12,39,170,160,0,120
581,2022/12/09/ 18:55:30,:CCF957966AC9,PID=0403:6015 SER=D200BZVHA,-61,14,-12,39,170,160,0,120
582,2022/12/09/ 18:55:30,:CCF957966AC9,PID=0403:6015 SER=D200BZVHA,-61,14,-12,39,170,160,0,120
583,2022/12/09/ 18:55:30,:CCF957966AC9,PID=0403:6015 SER=D200BZVHA,-61,14,-12,39,170,160,0,120
584,2022/12/09/ 18:55:30,:CCF957966AC9,PID=0403:6015 SER=D200BZVHA,-61,13,-12,39,170,160,0,120
585,2022/12/09/ 18:55:31,:CCF957966AC9,PID=0403:6015 SER=D200BZVHA,-61,13,-12,39,170,160,0,120
586,2022/12/09/ 18:55:31,:CCF957966AC9,PID=0403:6015 SER=D200BZVHA,-61,13,-12,39,170,160,0,120
587,2022/12/09/ 18:55:31,:CCF957966AC9,PID=0403:6015 SER=D200BZVHA,-61,13,-12,39,170,160,0,120
588,2022/12/09/ 18:55:31,:CCF957966AC9,PID=0403:6015 SER=D200BZVHA,-61,13,-12,39,170,160,0,120
589,2022/12/09/ 18:55:31,:CCF957966AC9,PID=0403:6015 SER=D200BZVHA,-61,13,-12,39,170,160,0,120
590,2022/12/09/ 18:55:31,:CCF957966AC9,PID=0403:6015 SER=D200BZVHA,-61,13,-12,39,170,160,0,120
591,2022/12/09/ 18:55:31,:CCF957966AC9,PID=0403:6015 SER=D200BZVHA,-61,13,-12,39,170,160,0,120
592,2022/12/09/ 18:55:31,:CCF957966AC9,PID=0403:6015 SER=D200BZVHA,-61,13,-12,39,170,160,0,120
593,2022/12/09/ 18:55:31,:CCF957966AC9,PID=0403:6015 SER=D200BZVHA,-61,13,-12,39,170,160,0,120
594,2022/12/09/ 18:55:31,:CCF957966AC9,PID=0403:6015 SER=D200BZVHA,-61,13,-12,39,170,160,0,120
595,2022/12/09/ 18:55:31,:CCF957966AC9,PID=0403:6015 SER=D200BZVHA,-61,13,-12,39,170,160,0,120
596,2022/12/09/ 18:55:32,:CCF957966AC9,PID=0403:6015 SER=D200BZVHA,-61,13,-12,39,170,160,0,120
597,2022/12/09/ 18:55:32,:CCF957966AC9,PID=0403:6015 SER=D200BZVHA,-61,13,-12,39,170,160,0,120
598,2022/12/09/ 18:55:32,:CCF957966AC9,PID=0403:6015 SER=D200BZVHA,-61,13,-12,39,170,160,0,120
599,2022/12/09/ 18:55:32,:CCF957966AC9,PID=0403:6015 SER=D200BZVHA,-61,13,-12,39,170,160,0,120
600,2022/12/09/ 18:55:32,:CCF957966AC9,PID=0403:6015 SER=D200BZVHA,-61,13,-12,39,170,160,0,120
601,2022/12/09/ 18:55:32,:CCF957966AC9,PID=0403:6015 SER=D200BZVHA,-61,14,-11,39,170,160,0,120
602,2022/12/09/ 18:55:32,:CCF957966AC9,PID=0403:6015 SER=D200BZVHA,-61,14,-11,39,170,160,0,120
603,2022/12/09/ 18:55:32,:CCF957966AC9,PID=0403:6015 SER=D200BZVHA,-61,14,-12,39,170,160,0,120
604,2022/12/09/ 18:55:32,:CCF957966AC9,PID=0403:6015 SER=D200BZVHA,-61,14,-12,39,170,160,0,120
605,2022/12/09/ 18:55:32,:CCF957966AC9,PID=0403:6015 SER=D200BZVHA,-61,14,-12,39,170,160,0,120
606,2022/12/09/ 18:55:33,:CCF957966AC9,PID=0403:6015 SER=D200BZVHA,-61,14,-12,39,170,160,0,120
607,2022/12/09/ 18:55:33,:CCF957966AC9,PID=0403:6015 SER=D200BZVHA,-61,14,-12,39,170,160,0,120
608,2022/12/09/ 18:55:33,:CCF957966AC9,PID=0403:6015 SER=D200BZVHA,-61,14,-12,39,170,160,0,120
609,2022/12/09/ 18:55:33,:CCF957966AC9,PID=0403:6015 SER=D200BZVHA,-61,14,-12,39,170,160,0,120
610,2022/12/09/ 18:55:33,:CCF957966AC9,PID=0403:6015 SER=D200BZVHA,-61,14,-12,39,170,160,0,120
611,2022/12/09/ 18:55:33,:CCF957966AC9,PID=0403:6015 SER=D200BZVHA,-61,14,-12,39,170,160,0,120
612,2022/12/09/ 18:55:33,:CCF957966AC9,PID=0403:6015 SER=D200BZVHA,-61,14,-12,39,170,160,0,120
613,2022/12/09/ 18:55:33,:CCF957966AC9,PID=0403:6015 SER=D200BZVHA,-61,14,-12,39,170,160,0,120
614,2022/12/09/ 18:55:33,:CCF957966AC9,PID=0403:6015 SER=D200BZVHA,-61,14,-12,39,170,160,0,120
615,2022/12/09/ 18:55:33,:CCF957966AC9,PID=0403:6015 SER=D200BZVHA,-61,14,-12,39,170,160,0,120
616,2022/12/09/ 18:55:33,:CCF957966AC9,PID=0403:6015 SER=D200BZVHA,-61,14,-12,39,170,160,0,120
617,2022/12/09/ 18:55:33,:CCF957966AC9,PID=0403:6015 SER=D200BZVHA,-61,14,-12,39,170,160,0,120
618,2022/12/09/ 18:55:33,:CCF957966AC9,PID=0403:6015 SER=D200BZVHA,-61,14,-12,39,170,160,0,120
619,2022/12/09/ 18:55:33,:CCF957966AC9,PID=0403:6015 SER=D200BZVHA,-61,13,-12,39,170,160,0,120
620,2022/12/09/ 18:55:33,:CCF957966AC9,PID=0403:6015 SER=D200BZVHA,-61,13,-12,39,170,160,0,120
621,2022/12/09/ 18:55:33,:CCF957966AC9,PID=0403:6015 SER=D200BZVHA,-61,13,-12,39,170,160,0,120
622,2022/12/09/ 18:55:34,:CCF957966AC9,PID=0403:6015 SER=D200BZVHA,-61,13,-12,39,170,160,0,120
623,2022/12/09/ 18:55:34,:CCF957966AC9,PID=0403:6015 SER=D200BZVHA,-61,13,-12,39,170,160,0,120
624,2022/12/09/ 18:55:34,:CCF957966AC9,PID=0403:6015 SER=D200BZVHA,-61,13,-12,39,170,160,0,120
625,2022/12/09/ 18:55:34,:CCF957966AC9,PID=0403:6015 SER=D200BZVHA,-61,13,-12,39,170,160,0,120
626,2022/12/09/ 18:55:34,:CCF957966AC9,PID=0403:6015 SER=D200BZVHA,-61,13,-12,39,170,160,0,120
627,2022/12/09/ 18:55:34,:CCF957966AC9,PID=0403:6015 SER=D200BZVHA,-61,13,-12,39,170,160,0,120
628,2022/12/09/ 18:55:34,:CCF957966AC9,PID=0403:6015 SER=D200BZVHA,-61,13,-12,39,170,160,0,120
629,2022/12/09/ 18:55:34,:CCF957966AC9,PID=0403:6015 SER=D200BZVHA,-61,13,-12,39,170,160,0,120
630,2022/12/09/ 18:55:34,:CCF957966AC9,PID=0403:6015 SER=D200BZVHA,-61,13,-12,39,170,160,0,120
631,2022/12/09/ 18:55:34,:CCF957966AC9,PID=0403:6015 SER=D200BZVHA,-61,13,-12,39,170,160,0,120
632,2022/12/09/ 18:55:34,:CCF957966AC9,PID=0403:6015 SER=D200BZVHA,-61,13,-12,39,170,160,0,120
633,2022/12/09/ 18:55:34,:CCF957966AC9,PID=0403:6015 SER=D200BZVHA,-67,13,-12,38,170,160,0,120
634,2022/12/09/ 18:55:34,:CCF957966AC9,PID=0403:6015 SER=D200BZVHA,-61,13,-12,39,170,160,0,120
635,2022/12/09/ 18:55:34,:CCF957966AC9,PID=0403:6015 SER=D200BZVHA,-61,13,-12,39,170,160,0,120
636,2022/12/09/ 18:55:34,:CCF957966AC9,PID=0403:6015 SER=D200BZVHA,-67,13,-12,38,170,160,0,120
637,2022/12/09/ 18:55:35,:CCF957966AC9,PID=0403:6015 SER=D200BZVHA,-61,13,-12,39,170,160,0,120
638,2022/12/09/ 18:55:35,:CCF957966AC9,PID=0403:6015 SER=D200BZVHA,-61,13,-12,39,170,160,0,120
639,2022/12/09/ 18:55:35,:CCF957966AC9,PID=0403:6015 SER=D200BZVHA,-61,13,-12,39,170,160,0,120
640,2022/12/09/ 18:55:35,:CCF957966AC9,PID=0403:6015 SER=D200BZVHA,-61,13,-12,39,170,160,0,120
641,2022/12/09/ 18:55:35,:CCF957966AC9,PID=0403:6015 SER=D200BZVHA,-61,13,-12,39,170,160,0,120
642,2022/12/09/ 18:55:35,:CCF957966AC9,PID=0403:6015 SER=D200BZVHA,-61,13,-12,39,170,160,0,120
643,2022/12/09/ 18:55:35,:CCF957966AC9,PID=0403:6015 SER=D200BZVHA,-61,13,-12,39,170,160,0,120
644,2022/12/09/ 18:55:35,:CCF957966AC9,PID=0403:6015 SER=D200BZVHA,-61,13,-12,39,170,160,0,120
645,2022/12/09/ 18:55:35,:CCF957966AC9,PID=0403:6015 SER=D200BZVHA,-61,13,-12,39,170,160,0,120
646,2022/12/09/ 18:55:35,:CCF957966AC9,PID=0403:6015 SER=D200BZVHA,-61,13,-12,39,170,160,0,120
647,2022/12/09/ 18:55:35,:CCF957966AC9,PID=0403:6015 SER=D200BZVHA,-61,13,-12,39,170,160,0,120
648,2022/12/09/ 18:55:36,:CCF957966AC9,PID=0403:6015 SER=D200BZVHA,-61,13,-12,39,170,160,0,120
649,2022/12/09/ 18:55:36,:CCF957966AC9,PID=0403:6015 SER=D200BZVHA,-61,13,-12,39,170,160,0,120
650,2022/12/09/ 18:55:36,:CCF957966AC9,PID=0403:6015 SER=D200BZVHA,-61,13,-12,39,170,160,0,120
651,2022/12/09/ 18:55:36,:CCF957966AC9,PID=0403:6015 SER=D200BZVHA,-61,14,-12,39,170,160,0,120
652,2022/12/09/ 18:55:36,:CCF957966AC9,PID=0403:6015 SER=D200BZVHA,-61,14,-12,39,170,160,0,120
653,2022/12/09/ 18:55:36,:CCF957966AC9,PID=0403:6015 SER=D200BZVHA,-61,14,-12,39,170,160,0,120
654,2022/12/09/ 18:55:36,:CCF957966AC9,PID=0403:6015 SER=D200BZVHA,-61,14,-12,39,170,160,0,120
655,2022/12/09/ 18:55:36,:CCF957966AC9,PID=0403:6015 SER=D200BZVHA,-61,14,-12,39,170,160,0,120
656,2022/12/09/ 18:55:36,:CCF957966AC9,PID=0403:6015 SER=D200BZVHA,-61,14,-12,39,170,160,0,120
657,2022/12/09/ 18:55:36,:CCF957966AC9,PID=0403:6015 SER=D200BZVHA,-61,14,-12,39,170,160,0,120
658,2022/12/09/ 18:55:37,:CCF957966AC9,PID=0403:6015 SER=D200BZVHA,-61,14,-12,39,170,160,0,120
659,2022/12/09/ 18:55:37,:CCF957966AC9,PID=0403:6015 SER=D200BZVHA,-61,14,-12,39,170,160,0,120
660,2022/12/09/ 18:55:37,:CCF957966AC9,PID=0403:6015 SER=D200BZVHA,-61,14,-12,39,170,160,0,120
661,2022/12/09/ 18:55:37,:CCF957966AC9,PID=0403:6015 SER=D200BZVHA,-61,14,-12,39,170,160,0,120
662,2022/12/09/ 18:55:37,:CCF957966AC9,PID=0403:6015 SER=D200BZVHA,-61,14,-12,39,170,160,0,120
663,2022/12/09/ 18:55:37,:CCF957966AC9,PID=0403:6015 SER=D200BZVHA,-61,14,-12,39,170,160,0,120
664,2022/12/09/ 18:55:37,:CCF957966AC9,PID=0403:6015 SER=D200BZVHA,-61,14,-12,39,170,160,0,120
665,2022/12/09/ 18:55:37,:CCF957966AC9,PID=0403:6015 SER=D200BZVHA,-61,14,-12,39,170,160,0,120
666,2022/12/09/ 18:55:37,:CCF957966AC9,PID=0403:6015 SER=D200BZVHA,-61,13,-12,39,170,160,0,120
667,2022/12/09/ 18:55:37,:CCF957966AC9,PID=0403:6015 SER=D200BZVHA,-61,13,-12,39,170,160,0,120
668,2022/12/09/ 18:55:37,:CCF957966AC9,PID=0403:6015 SER=D200BZVHA,-61,13,-12,39,170,160,0,120
669,2022/12/09/ 18:55:37,:CCF957966AC9,PID=0403:6015 SER=D200BZVHA,-61,13,-12,39,170,160,0,120
670,2022/12/09/ 18:55:37,:CCF957966AC9,PID=0403:6015 SER=D200BZVHA,-61,13,-12,39,170,160,0,120
671,2022/12/09/ 18:55:38,:CCF957966AC9,PID=0403:6015 SER=D200BZVHA,-61,13,-12,39,170,160,0,120
672,2022/12/09/ 18:55:38,:CCF957966AC9,PID=0403:6015 SER=D200BZVHA,-61,13,-12,39,170,160,0,120
673,2022/12/09/ 18:55:38,:CCF957966AC9,PID=0403:6015 SER=D200BZVHA,-61,13,-12,39,170,160,0,120
674,2022/12/09/ 18:55:38,:CCF957966AC9,PID=0403:6015 SER=D200BZVHA,-61,13,-12,39,170,160,0,120
675,2022/12/09/ 18:55:38,:CCF957966AC9,PID=0403:6015 SER=D200BZVHA,-61,13,-12,39,170,160,0,120
676,2022/12/09/ 18:55:38,:CCF957966AC9,PID=0403:6015 SER=D200BZVHA,-61,13,-12,39,170,160,0,120
677,2022/12/09/ 18:55:38,:CCF957966AC9,PID=0403:6015 SER=D200BZVHA,-61,13,-12,39,170,160,0,120
678,2022/12/09/ 18:55:38,:CCF957966AC9,PID=0403:6015 SER=D200BZVHA,-61,13,-12,39,170,160,0,120
679,2022/12/09/ 18:55:38,:CCF957966AC9,PID=0403:6015 SER=D200BZVHA,-61,13,-12,39,170,160,0,120
680,2022/12/09/ 18:55:38,:CCF957966AC9,PID=0403:6015 SER=D200BZVHA,-61,13,-12,39,170,160,0,120
681,2022/12/09/ 18:55:38,:CCF957966AC9,PID=0403:6015 SER=D200BZVHA,-61,13,-12,39,170,160,0,120
682,2022/12/09/ 18:55:38,:CCF957966AC9,PID=0403:6015 SER=D200BZVHA,-61,13,-12,39,170,160,0,120
683,2022/12/09/ 18:55:38,:CCF957966AC9,PID=0403:6015 SER=D200BZVHA,-61,13,-12,39,170,160,0,120
684,2022/12/09/ 18:55:38,:CCF957966AC9,PID=0403:6015 SER=D200BZVHA,-61,13,-12,39,170,160,0,120
685,2022/12/09/ 18:55:39,:CCF957966AC9,PID=0403:6015 SER=D200BZVHA,-61,13,-12,39,170,160,0,120
686,2022/12/09/ 18:55:39,:CCF957966AC9,PID=0403:6015 SER=D200BZVHA,-61,13,-12,39,170,160,0,120
687,2022/12/09/ 18:55:39,:CCF957966AC9,PID=0403:6015 SER=D200BZVHA,-61,13,-12,39,170,160,0,120
688,2022/12/09/ 18:55:39,:CCF957966AC9,PID=0403:6015 SER=D200BZVHA,-61,13,-12,39,170,160,0,120
689,2022/12/09/ 18:55:39,:CCF957966AC9,PID=0403:6015 SER=D200BZVHA,-61,13,-12,39,170,160,0,120
690,2022/12/09/ 18:55:39,:CCF957966AC9,PID=0403:6015 SER=D200BZVHA,-61,13,-12,39,170,160,0,120
691,2022/12/09/ 18:55:39,:CCF957966AC9,PID=0403:6015 SER=D200BZVHA,-61,13,-12,39,170,160,0,120
692,2022/12/09/ 18:55:39,:CCF957966AC9,PID=0403:6015 SER=D200BZVHA,-61,13,-12,39,170,160,0,120
693,2022/12/09/ 18:55:39,:CCF957966AC9,PID=0403:6015 SER=D200BZVHA,-61,13,-12,39,170,160,0,120
694,2022/12/09/ 18:55:39,:CCF957966AC9,PID=0403:6015 SER=D200BZVHA,-61,13,-12,39,170,160,0,120
695,2022/12/09/ 18:55:39,:CCF957966AC9,PID=0403:6015 SER=D200BZVHA,-61,13,-12,39,170,160,0,120
696,2022/12/09/ 18:55:39,:CCF957966AC9,PID=0403:6015 SER=D200BZVHA,-61,14,-12,39,170,160,0,120
697,2022/12/09/ 18:55:39,:CCF957966AC9,PID=0403:6015 SER=D200BZVHA,-61,14,-12,39,170,160,0,120
698,2022/12/09/ 18:55:39,:CCF957966AC9,PID=0403:6015 SER=D200BZVHA,-61,14,-12,39,170,160,0,120
699,2022/12/09/ 18:55:40,:CCF957966AC9,PID=0403:6015 SER=D200BZVHA,-61,14,-12,39,170,160,0,120
700,2022/12/09/ 18:55:40,:CCF957966AC9,PID=0403:6015 SER=D200BZVHA,-61,14,-12,39,170,160,0,120
701,2022/12/09/ 18:55:40,:CCF957966AC9,PID=0403:6015 SER=D200BZVHA,-61,14,-12,39,170,160,0,120
702,2022/12/09/ 18:55:40,:CCF957966AC9,PID=0403:6015 SER=D200BZVHA,-61,14,-12,39,170,160,0,120
703,2022/12/09/ 18:55:40,:CCF957966AC9,PID=0403:6015 SER=D200BZVHA,-61,14,-12,39,170,160,0,120
704,2022/12/09/ 18:55:40,:CCF957966AC9,PID=0403:6015 SER=D200BZVHA,-61,14,-12,39,170,160,0,120
705,2022/12/09/ 18:55:40,:CCF957966AC9,PID=0403:6015 SER=D200BZVHA,-61,14,-12,39,170,160,0,120
706,2022/12/09/ 18:55:40,:CCF957966AC9,PID=0403:6015 SER=D200BZVHA,-61,14,-12,39,170,160,0,120
707,2022/12/09/ 18:55:40,:CCF957966AC9,PID=0403:6015 SER=D200BZVHA,-61,14,-12,39,170,160,0,120
708,2022/12/09/ 18:55:40,:CCF957966AC9,PID=0403:6015 SER=D200BZVHA,-61,13,-12,39,170,160,0,120
709,2022/12/09/ 18:55:40,:CCF957966AC9,PID=0403:6015 SER=D200BZVHA,-61,13,-12,39,170,160,0,120
710,2022/12/09/ 18:55:40,:CCF957966AC9,PID=0403:6015 SER=D200BZVHA,-61,13,-12,39,170,160,0,120
711,2022/12/09/ 18:55:41,:CCF957966AC9,PID=0403:6015 SER=D200BZVHA,-61,13,-12,39,170,160,0,120
712,2022/12/09/ 18:55:41,:CCF957966AC9,PID=0403:6015 SER=D200BZVHA,-61,13,-12,39,170,160,0,120
713,2022/12/09/ 18:55:41,:CCF957966AC9,PID=0403:6015 SER=D200BZVHA,-61,13,-12,39,170,160,0,120
714,2022/12/09/ 18:55:41,:CCF957966AC9,PID=0403:6015 SER=D200BZVHA,-61,13,-12,39,170,160,0,120
715,2022/12/09/ 18:55:41,:CCF957966AC9,PID=0403:6015 SER=D200BZVHA,-61,13,-12,39,170,160,0,120
716,2022/12/09/ 18:55:41,:CCF957966AC9,PID=0403:6015 SER=D200BZVHA,-61,13,-12,39,170,160,0,120
717,2022/12/09/ 18:55:41,:CCF957966AC9,PID=0403:6015 SER=D200BZVHA,-61,13,-12,39,170,160,0,120
718,2022/12/09/ 18:55:41,:CCF957966AC9,PID=0403:6015 SER=D200BZVHA,-61,13,-12,39,170,160,0,120
719,2022/12/09/ 18:55:41,:CCF957966AC9,PID=0403:6015 SER=D200BZVHA,-61,13,-12,39,170,160,0,120
720,2022/12/09/ 18:55:41,:CCF957966AC9,PID=0403:6015 SER=D200BZVHA,-61,13,-12,39,170,160,0,120
721,2022/12/09/ 18:55:41,:CCF957966AC9,PID=0403:6015 SER=D200BZVHA,-61,13,-12,39,170,160,0,120
722,2022/12/09/ 18:55:41,:CCF957966AC9,PID=0403:6015 SER=D200BZVHA,-61,13,-12,39,170,160,0,120
723,2022/12/09/ 18:55:41,:CCF957966AC9,PID=0403:6015 SER=D200BZVHA,-61,13,-12,39,170,160,0,120
724,2022/12/09/ 18:55:41,:CCF957966AC9,PID=0403:6015 SER=D200BZVHA,-61,13,-12,39,170,160,0,120
725,2022/12/09/ 18:55:41,:CCF957966AC9,PID=0403:6015 SER=D200BZVHA,-61,13,-12,39,170,160,0,120
726,2022/12/09/ 18:55:42,:CCF957966AC9,PID=0403:6015 SER=D200BZVHA,-61,13,-12,39,170,160,0,120
727,2022/12/09/ 18:55:42,:CCF957966AC9,PID=0403:6015 SER=D200BZVHA,-61,13,-12,39,170,160,0,120
728,2022/12/09/ 18:55:42,:CCF957966AC9,PID=0403:6015 SER=D200BZVHA,-61,13,-12,39,170,160,0,120
729,2022/12/09/ 18:55:42,:CCF957966AC9,PID=0403:6015 SER=D200BZVHA,-61,13,-12,39,170,160,0,120
730,2022/12/09/ 18:55:42,:CCF957966AC9,PID=0403:6015 SER=D200BZVHA,-61,13,-12,39,170,160,0,120
731,2022/12/09/ 18:55:42,:CCF957966AC9,PID=0403:6015 SER=D200BZVHA,-61,13,-12,39,170,160,0,120
732,2022/12/09/ 18:55:42,:CCF957966AC9,PID=0403:6015 SER=D200BZVHA,-61,13,-12,39,170,160,0,120
733,2022/12/09/ 18:55:42,:CCF957966AC9,PID=0403:6015 SER=D200BZVHA,-61,13,-12,39,170,160,0,120
734,2022/12/09/ 18:55:42,:CCF957966AC9,PID=0403:6015 SER=D200BZVHA,-61,13,-12,39,170,160,0,120
735,2022/12/09/ 18:55:43,:CCF957966AC9,PID=0403:6015 SER=D200BZVHA,-61,13,-12,39,170,160,0,120
736,2022/12/09/ 18:55:43,:CCF957966AC9,PID=0403:6015 SER=D200BZVHA,-61,13,-12,39,170,160,0,120
737,2022/12/09/ 18:55:43,:CCF957966AC9,PID=0403:6015 SER=D200BZVHA,-61,13,-12,39,170,160,0,120
738,2022/12/09/ 18:55:43,:CCF957966AC9,PID=0403:6015 SER=D200BZVHA,-61,13,-12,39,170,160,0,120
739,2022/12/09/ 18:55:43,:CCF957966AC9,PID=0403:6015 SER=D200BZVHA,-61,13,-12,39,170,160,0,120
740,2022/12/09/ 18:55:43,:CCF957966AC9,PID=0403:6015 SER=D200BZVHA,-61,13,-12,39,170,160,0,120
741,2022/12/09/ 18:55:43,:CCF957966AC9,PID=0403:6015 SER=D200BZVHA,-61,13,-12,39,170,160,0,120
742,2022/12/09/ 18:55:43,:CCF957966AC9,PID=0403:6015 SER=D200BZVHA,-61,14,-12,39,170,160,0,120
743,2022/12/09/ 18:55:43,:CCF957966AC9,PID=0403:6015 SER=D200BZVHA,-61,14,-12,39,170,160,0,120
744,2022/12/09/ 18:55:43,:CCF957966AC9,PID=0403:6015 SER=D200BZVHA,-61,14,-12,39,170,160,0,120
745,2022/12/09/ 18:55:43,:CCF957966AC9,PID=0403:6015 SER=D200BZVHA,-61,14,-12,39,170,160,0,120
746,2022/12/09/ 18:55:43,:CCF957966AC9,PID=0403:6015 SER=D200BZVHA,-61,14,-12,39,170,160,0,120
747,2022/12/09/ 18:55:43,:CCF957966AC9,PID=0403:6015 SER=D200BZVHA,-61,14,-12,39,170,160,0,120
748,2022/12/09/ 18:55:44,:CCF957966AC9,PID=0403:6015 SER=D200BZVHA,-61,14,-12,39,170,160,0,120
749,2022/12/09/ 18:55:44,:CCF957966AC9,PID=0403:6015 SER=D200BZVHA,-61,14,-12,39,170,160,0,120
750,2022/12/09/ 18:55:44,:CCF957966AC9,PID=0403:6015 SER=D200BZVHA,-61,14,-12,39,170,160,0,120
751,2022/12/09/ 18:55:44,:CCF957966AC9,PID=0403:6015 SER=D200BZVHA,-61,14,-12,39,170,160,0,120
752,2022/12/09/ 18:55:44,:CCF957966AC9,PID=0403:6015 SER=D200BZVHA,-61,14,-12,39,170,160,0,120
753,2022/12/09/ 18:55:44,:CCF957966AC9,PID=0403:6015 SER=D200BZVHA,-61,14,-12,39,170,160,0,120
754,2022/12/09/ 18:55:44,:CCF957966AC9,PID=0403:6015 SER=D200BZVHA,-61,14,-12,39,170,160,0,120
755,2022/12/09/ 18:55:44,:CCF957966AC9,PID=0403:6015 SER=D200BZVHA,-61,14,-12,39,170,160,0,120
756,2022/12/09/ 18:55:44,:CCF957966AC9,PID=0403:6015 SER=D200BZVHA,-61,14,-12,39,170,160,0,120
757,2022/12/09/ 18:55:44,:CCF957966AC9,PID=0403:6015 SER=D200BZVHA,-61,14,-12,39,170,160,0,120
758,2022/12/09/ 18:55:44,:CCF957966AC9,PID=0403:6015 SER=D200BZVHA,-61,14,-12,39,170,160,0,120
759,2022/12/09/ 18:55:44,:CCF957966AC9,PID=0403:6015 SER=D200BZVHA,-61,14,-12,39,170,160,0,120
