,Hora,Iden_tag,RSSI,Ang_azimuth,Ang_elevacion,Canal,"LOS(si=1,no=0)",Altura_ant(cm),Distancia_entre_ant_tag(cm),Altura_tag(cm),Error_dato_medido
20883,2022/09/23/ 15:51:32,:CCF957966B2C,-54,-3,-26,38,1.0,134,90,100,0.0
20884,2022/09/23/ 15:51:33,:CCF957966B2C,-61,-3,-26,37,1.0,134,90,100,0.0
20885,2022/09/23/ 15:51:33,:CCF957966B2C,-54,-3,-26,38,1.0,134,90,100,0.0
20886,2022/09/23/ 15:51:34,:CCF957966B2C,-65,-3,-26,37,1.0,134,90,100,0.0
20887,2022/09/23/ 15:51:34,:CCF957966B2C,-54,-3,-26,38,1.0,134,90,100,0.0
20888,2022/09/23/ 15:51:35,:CCF957966B2C,-54,-2,-26,38,1.0,134,90,100,0.0
20889,2022/09/23/ 15:51:36,:CCF957966B2C,-65,-2,-20,37,1.0,134,90,100,0.0
20890,2022/09/23/ 15:51:36,:CCF957966B2C,-54,-2,-26,38,1.0,134,90,100,0.0
20891,2022/09/23/ 15:51:37,:CCF957966B2C,-60,-2,-20,37,1.0,134,90,100,0.0
20892,2022/09/23/ 15:51:37,:CCF957966B2C,-54,-2,-26,38,1.0,134,90,100,0.0
20893,2022/09/23/ 15:51:37,:CCF957966B2C,-60,-2,-20,37,1.0,134,90,100,0.0
20894,2022/09/23/ 15:51:38,:CCF957966B2C,-54,-2,-26,38,1.0,134,90,100,0.0
20895,2022/09/23/ 15:51:38,:CCF957966B2C,-62,-2,-20,37,1.0,134,90,100,0.0
20896,2022/09/23/ 15:51:39,:CCF957966B2C,-54,-2,-26,38,1.0,134,90,100,0.0
20897,2022/09/23/ 15:51:40,:CCF957966B2C,-54,-2,-26,38,1.0,134,90,100,0.0
20898,2022/09/23/ 15:51:40,:CCF957966B2C,-65,-2,-20,37,1.0,134,90,100,0.0
20899,2022/09/23/ 15:51:41,:CCF957966B2C,-54,-2,-26,38,1.0,134,90,100,0.0
20900,2022/09/23/ 15:51:41,:CCF957966B2C,-62,-2,-20,37,1.0,134,90,100,0.0
20901,2022/09/23/ 15:51:42,:CCF957966B2C,-54,-2,-26,38,1.0,134,90,100,0.0
20902,2022/09/23/ 15:51:42,:CCF957966B2C,-58,-2,-20,37,1.0,134,90,100,0.0
20903,2022/09/23/ 15:51:42,:CCF957966B2C,-54,-2,-26,38,1.0,134,90,100,0.0
20904,2022/09/23/ 15:51:43,:CCF957966B2C,-61,-2,-20,37,1.0,134,90,100,0.0
20905,2022/09/23/ 15:51:44,:CCF957966B2C,-61,-2,-19,37,1.0,134,90,100,0.0
20906,2022/09/23/ 15:51:44,:CCF957966B2C,-53,-2,-26,38,1.0,134,90,100,0.0
20907,2022/09/23/ 15:51:45,:CCF957966B2C,-61,-2,-19,37,1.0,134,90,100,0.0
20908,2022/09/23/ 15:51:45,:CCF957966B2C,-54,-2,-26,38,1.0,134,90,100,0.0
20909,2022/09/23/ 15:51:46,:CCF957966B2C,-65,-2,-20,37,1.0,134,90,100,0.0
20910,2022/09/23/ 15:51:46,:CCF957966B2C,-54,-2,-26,38,1.0,134,90,100,0.0
20911,2022/09/23/ 15:51:47,:CCF957966B2C,-65,-2,-20,37,1.0,134,90,100,0.0
20912,2022/09/23/ 15:51:47,:CCF957966B2C,-54,-2,-26,38,1.0,134,90,100,0.0
20913,2022/09/23/ 15:51:48,:CCF957966B2C,-54,-2,-26,38,1.0,134,90,100,0.0
20914,2022/09/23/ 15:51:48,:CCF957966B2C,-61,-2,-26,37,1.0,134,90,100,0.0
20915,2022/09/23/ 15:51:49,:CCF957966B2C,-54,-2,-26,38,1.0,134,90,100,0.0
20916,2022/09/23/ 15:51:49,:CCF957966B2C,-63,-2,-26,37,1.0,134,90,100,0.0
20917,2022/09/23/ 15:51:50,:CCF957966B2C,-54,-2,-26,38,1.0,134,90,100,0.0
20918,2022/09/23/ 15:51:50,:CCF957966B2C,-61,-2,-26,37,1.0,134,90,100,0.0
20919,2022/09/23/ 15:51:51,:CCF957966B2C,-54,-2,-26,38,1.0,134,90,100,0.0
20920,2022/09/23/ 15:51:51,:CCF957966B2C,-61,-2,-26,37,1.0,134,90,100,0.0
20921,2022/09/23/ 15:51:51,:CCF957966B2C,-54,-2,-26,38,1.0,134,90,100,0.0
20922,2022/09/23/ 15:51:52,:CCF957966B2C,-60,-1,-21,37,1.0,134,90,100,0.0
20923,2022/09/23/ 15:51:53,:CCF957966B2C,-54,-1,-26,38,1.0,134,90,100,0.0
20924,2022/09/23/ 15:51:53,:CCF957966B2C,-63,-1,-21,37,1.0,134,90,100,0.0
20925,2022/09/23/ 15:51:54,:CCF957966B2C,-54,-1,-26,38,1.0,134,90,100,0.0
20926,2022/09/23/ 15:51:54,:CCF957966B2C,-65,-1,-21,37,1.0,134,90,100,0.0
20927,2022/09/23/ 15:51:55,:CCF957966B2C,-54,-1,-26,38,1.0,134,90,100,0.0
20928,2022/09/23/ 15:51:55,:CCF957966B2C,-61,-1,-21,37,1.0,134,90,100,0.0
20929,2022/09/23/ 15:51:55,:CCF957966B2C,-54,-1,-26,38,1.0,134,90,100,0.0
20930,2022/09/23/ 15:51:56,:CCF957966B2C,-54,-2,-26,38,1.0,134,90,100,0.0
20931,2022/09/23/ 15:51:57,:CCF957966B2C,-63,-2,-26,37,1.0,134,90,100,0.0
20932,2022/09/23/ 15:51:57,:CCF957966B2C,-54,-2,-26,38,1.0,134,90,100,0.0
20933,2022/09/23/ 15:51:58,:CCF957966B2C,-60,-2,-26,37,1.0,134,90,100,0.0
20934,2022/09/23/ 15:51:58,:CCF957966B2C,-53,-2,-26,38,1.0,134,90,100,0.0
20935,2022/09/23/ 15:51:59,:CCF957966B2C,-63,-2,-26,37,1.0,134,90,100,0.0
20936,2022/09/23/ 15:51:59,:CCF957966B2C,-54,-2,-26,38,1.0,134,90,100,0.0
20937,2022/09/23/ 15:52:00,:CCF957966B2C,-58,-2,-26,37,1.0,134,90,100,0.0
20938,2022/09/23/ 15:52:00,:CCF957966B2C,-54,-2,-26,38,1.0,134,90,100,0.0
20939,2022/09/23/ 15:52:01,:CCF957966B2C,-62,-2,-26,37,1.0,134,90,100,0.0
20940,2022/09/23/ 15:52:01,:CCF957966B2C,-53,-2,-26,38,1.0,134,90,100,0.0
20941,2022/09/23/ 15:52:02,:CCF957966B2C,-63,-2,-26,37,1.0,134,90,100,0.0
20942,2022/09/23/ 15:52:02,:CCF957966B2C,-54,-2,-26,38,1.0,134,90,100,0.0
20943,2022/09/23/ 15:52:03,:CCF957966B2C,-62,-2,-26,37,1.0,134,90,100,0.0
20944,2022/09/23/ 15:52:03,:CCF957966B2C,-53,-2,-26,38,1.0,134,90,100,0.0
20945,2022/09/23/ 15:52:04,:CCF957966B2C,-61,-2,-26,37,1.0,134,90,100,0.0
20946,2022/09/23/ 15:52:04,:CCF957966B2C,-54,-2,-26,38,1.0,134,90,100,0.0
20947,2022/09/23/ 15:52:05,:CCF957966B2C,-54,-2,-26,38,1.0,134,90,100,0.0
20948,2022/09/23/ 15:52:05,:CCF957966B2C,-63,-2,-26,37,1.0,134,90,100,0.0
20949,2022/09/23/ 15:52:06,:CCF957966B2C,-54,-2,-26,38,1.0,134,90,100,0.0
20950,2022/09/23/ 15:52:06,:CCF957966B2C,-62,-2,-26,37,1.0,134,90,100,0.0
20951,2022/09/23/ 15:52:07,:CCF957966B2C,-54,-2,-26,38,1.0,134,90,100,0.0
20952,2022/09/23/ 15:52:07,:CCF957966B2C,-62,-2,-26,37,1.0,134,90,100,0.0
20953,2022/09/23/ 15:52:08,:CCF957966B2C,-54,-2,-26,38,1.0,134,90,100,0.0
20954,2022/09/23/ 15:52:08,:CCF957966B2C,-62,-2,-26,37,1.0,134,90,100,0.0
20955,2022/09/23/ 15:52:09,:CCF957966B2C,-63,-2,-26,37,1.0,134,90,100,0.0
20956,2022/09/23/ 15:52:09,:CCF957966B2C,-54,-2,-26,38,1.0,134,90,100,0.0
20957,2022/09/23/ 15:52:10,:CCF957966B2C,-63,-2,-26,37,1.0,134,90,100,0.0
20958,2022/09/23/ 15:52:10,:CCF957966B2C,-54,-2,-26,38,1.0,134,90,100,0.0
20959,2022/09/23/ 15:52:11,:CCF957966B2C,-62,-2,-26,37,1.0,134,90,100,0.0
20960,2022/09/23/ 15:52:11,:CCF957966B2C,-54,-2,-26,38,1.0,134,90,100,0.0
20961,2022/09/23/ 15:52:12,:CCF957966B2C,-61,-2,-26,37,1.0,134,90,100,0.0
20962,2022/09/23/ 15:52:12,:CCF957966B2C,-54,-2,-26,38,1.0,134,90,100,0.0
20963,2022/09/23/ 15:52:13,:CCF957966B2C,-61,-2,-27,37,1.0,134,90,100,0.0
20964,2022/09/23/ 15:52:14,:CCF957966B2C,-53,-2,-27,38,1.0,134,90,100,0.0
20965,2022/09/23/ 15:52:14,:CCF957966B2C,-63,-2,-27,37,1.0,134,90,100,0.0
20966,2022/09/23/ 15:52:14,:CCF957966B2C,-54,-2,-27,38,1.0,134,90,100,0.0
20967,2022/09/23/ 15:52:15,:CCF957966B2C,-60,-2,-27,37,1.0,134,90,100,0.0
20968,2022/09/23/ 15:52:15,:CCF957966B2C,-54,-2,-27,38,1.0,134,90,100,0.0
20969,2022/09/23/ 15:52:16,:CCF957966B2C,-61,-2,-27,37,1.0,134,90,100,0.0
20970,2022/09/23/ 15:52:16,:CCF957966B2C,-54,-2,-27,38,1.0,134,90,100,0.0
20971,2022/09/23/ 15:52:17,:CCF957966B2C,-65,-1,-26,37,1.0,134,90,100,0.0
20972,2022/09/23/ 15:52:18,:CCF957966B2C,-54,-1,-26,38,1.0,134,90,100,0.0
20973,2022/09/23/ 15:52:18,:CCF957966B2C,-61,-1,-26,37,1.0,134,90,100,0.0
20974,2022/09/23/ 15:52:19,:CCF957966B2C,-54,-1,-26,38,1.0,134,90,100,0.0
20975,2022/09/23/ 15:52:19,:CCF957966B2C,-62,-1,-26,37,1.0,134,90,100,0.0
20976,2022/09/23/ 15:52:19,:CCF957966B2C,-54,-1,-26,38,1.0,134,90,100,0.0
20977,2022/09/23/ 15:52:20,:CCF957966B2C,-59,-1,-26,37,1.0,134,90,100,0.0
20978,2022/09/23/ 15:52:20,:CCF957966B2C,-54,-1,-26,38,1.0,134,90,100,0.0
20979,2022/09/23/ 15:52:21,:CCF957966B2C,-54,-1,-26,38,1.0,134,90,100,0.0
20980,2022/09/23/ 15:52:22,:CCF957966B2C,-63,-1,-26,37,1.0,134,90,100,0.0
20981,2022/09/23/ 15:52:22,:CCF957966B2C,-54,-1,-26,38,1.0,134,90,100,0.0
20982,2022/09/23/ 15:52:23,:CCF957966B2C,-63,-1,-26,37,1.0,134,90,100,0.0
20983,2022/09/23/ 15:52:23,:CCF957966B2C,-53,-1,-26,38,1.0,134,90,100,0.0
20984,2022/09/23/ 15:52:24,:CCF957966B2C,-63,-1,-26,37,1.0,134,90,100,0.0
20985,2022/09/23/ 15:52:24,:CCF957966B2C,-54,-1,-26,38,1.0,134,90,100,0.0
20986,2022/09/23/ 15:52:24,:CCF957966B2C,-63,-1,-26,37,1.0,134,90,100,0.0
20987,2022/09/23/ 15:52:25,:CCF957966B2C,-54,-1,-26,38,1.0,134,90,100,0.0
20988,2022/09/23/ 15:52:26,:CCF957966B2C,-61,-1,-26,37,1.0,134,90,100,0.0
20989,2022/09/23/ 15:52:26,:CCF957966B2C,-53,-1,-26,38,1.0,134,90,100,0.0
20990,2022/09/23/ 15:52:27,:CCF957966B2C,-65,-1,-26,37,1.0,134,90,100,0.0
20991,2022/09/23/ 15:52:27,:CCF957966B2C,-54,-1,-26,38,1.0,134,90,100,0.0
20992,2022/09/23/ 15:52:28,:CCF957966B2C,-63,-1,-26,37,1.0,134,90,100,0.0
20993,2022/09/23/ 15:52:28,:CCF957966B2C,-54,-1,-26,38,1.0,134,90,100,0.0
20994,2022/09/23/ 15:52:29,:CCF957966B2C,-61,-1,-26,37,1.0,134,90,100,0.0
20995,2022/09/23/ 15:52:29,:CCF957966B2C,-54,-1,-26,38,1.0,134,90,100,0.0
20996,2022/09/23/ 15:52:29,:CCF957966B2C,-61,-1,-20,37,1.0,134,90,100,0.0
20997,2022/09/23/ 15:52:30,:CCF957966B2C,-54,-1,-26,38,1.0,134,90,100,0.0
20998,2022/09/23/ 15:52:30,:CCF957966B2C,-58,-1,-20,37,1.0,134,90,100,0.0
20999,2022/09/23/ 15:52:31,:CCF957966B2C,-54,-1,-27,38,1.0,134,90,100,0.0
21000,2022/09/23/ 15:52:31,:CCF957966B2C,-63,-1,-20,37,1.0,134,90,100,0.0
21001,2022/09/23/ 15:52:32,:CCF957966B2C,-54,-1,-27,38,1.0,134,90,100,0.0
21002,2022/09/23/ 15:52:32,:CCF957966B2C,-62,-1,-20,37,1.0,134,90,100,0.0
21003,2022/09/23/ 15:52:33,:CCF957966B2C,-54,-1,-27,38,1.0,134,90,100,0.0
21004,2022/09/23/ 15:52:33,:CCF957966B2C,-63,-1,-20,37,1.0,134,90,100,0.0
21005,2022/09/23/ 15:52:34,:CCF957966B2C,-61,-1,-26,37,1.0,134,90,100,0.0
21006,2022/09/23/ 15:52:34,:CCF957966B2C,-54,-1,-27,38,1.0,134,90,100,0.0
21007,2022/09/23/ 15:52:35,:CCF957966B2C,-62,-1,-26,37,1.0,134,90,100,0.0
21008,2022/09/23/ 15:52:35,:CCF957966B2C,-54,-1,-27,38,1.0,134,90,100,0.0
21009,2022/09/23/ 15:52:36,:CCF957966B2C,-60,-1,-26,37,1.0,134,90,100,0.0
21010,2022/09/23/ 15:52:36,:CCF957966B2C,-54,-1,-27,38,1.0,134,90,100,0.0
21011,2022/09/23/ 15:52:37,:CCF957966B2C,-60,-1,-26,37,1.0,134,90,100,0.0
21012,2022/09/23/ 15:52:37,:CCF957966B2C,-54,-1,-26,38,1.0,134,90,100,0.0
21013,2022/09/23/ 15:52:38,:CCF957966B2C,-61,-1,-25,37,1.0,134,90,100,0.0
21014,2022/09/23/ 15:52:38,:CCF957966B2C,-54,-1,-25,38,1.0,134,90,100,0.0
21015,2022/09/23/ 15:52:39,:CCF957966B2C,-61,-1,-25,37,1.0,134,90,100,0.0
21016,2022/09/23/ 15:52:39,:CCF957966B2C,-54,-1,-25,38,1.0,134,90,100,0.0
21017,2022/09/23/ 15:52:40,:CCF957966B2C,-61,-1,-25,37,1.0,134,90,100,0.0
21018,2022/09/23/ 15:52:40,:CCF957966B2C,-54,-2,-25,38,1.0,134,90,100,0.0
21019,2022/09/23/ 15:52:41,:CCF957966B2C,-62,-2,-25,37,1.0,134,90,100,0.0
21020,2022/09/23/ 15:52:41,:CCF957966B2C,-54,-2,-25,38,1.0,134,90,100,0.0
21021,2022/09/23/ 15:52:42,:CCF957966B2C,-54,-1,-26,38,1.0,134,90,100,0.0
21022,2022/09/23/ 15:52:43,:CCF957966B2C,-61,-1,-26,37,1.0,134,90,100,0.0
21023,2022/09/23/ 15:52:43,:CCF957966B2C,-54,-1,-25,38,1.0,134,90,100,0.0
21024,2022/09/23/ 15:52:43,:CCF957966B2C,-61,-1,-25,37,1.0,134,90,100,0.0
21025,2022/09/23/ 15:52:44,:CCF957966B2C,-54,-1,-25,38,1.0,134,90,100,0.0
21026,2022/09/23/ 15:52:44,:CCF957966B2C,-61,-1,-25,37,1.0,134,90,100,0.0
21027,2022/09/23/ 15:52:45,:CCF957966B2C,-54,-1,-25,38,1.0,134,90,100,0.0
21028,2022/09/23/ 15:52:45,:CCF957966B2C,-61,-1,-25,37,1.0,134,90,100,0.0
21029,2022/09/23/ 15:52:46,:CCF957966B2C,-54,-1,-25,38,1.0,134,90,100,0.0
21030,2022/09/23/ 15:52:47,:CCF957966B2C,-54,-2,-26,38,1.0,134,90,100,0.0
21031,2022/09/23/ 15:52:47,:CCF957966B2C,-63,-1,-20,37,1.0,134,90,100,0.0
21032,2022/09/23/ 15:52:47,:CCF957966B2C,-54,-2,-26,38,1.0,134,90,100,0.0
21033,2022/09/23/ 15:52:48,:CCF957966B2C,-61,-1,-20,37,1.0,134,90,100,0.0
21034,2022/09/23/ 15:52:48,:CCF957966B2C,-54,-1,-26,38,1.0,134,90,100,0.0
21035,2022/09/23/ 15:52:49,:CCF957966B2C,-61,-1,-20,37,1.0,134,90,100,0.0
21036,2022/09/23/ 15:52:49,:CCF957966B2C,-55,-1,-26,38,1.0,134,90,100,0.0
21037,2022/09/23/ 15:52:50,:CCF957966B2C,-61,-1,-20,37,1.0,134,90,100,0.0
21038,2022/09/23/ 15:52:51,:CCF957966B2C,-61,-1,-26,37,1.0,134,90,100,0.0
21039,2022/09/23/ 15:52:51,:CCF957966B2C,-54,-1,-26,38,1.0,134,90,100,0.0
21040,2022/09/23/ 15:52:52,:CCF957966B2C,-63,-1,-26,37,1.0,134,90,100,0.0
21041,2022/09/23/ 15:52:52,:CCF957966B2C,-54,-1,-26,38,1.0,134,90,100,0.0
21042,2022/09/23/ 15:52:52,:CCF957966B2C,-63,-1,-26,37,1.0,134,90,100,0.0
21043,2022/09/23/ 15:52:53,:CCF957966B2C,-54,-1,-26,38,1.0,134,90,100,0.0
21044,2022/09/23/ 15:52:53,:CCF957966B2C,-61,-1,-26,37,1.0,134,90,100,0.0
21045,2022/09/23/ 15:52:54,:CCF957966B2C,-54,-1,-26,38,1.0,134,90,100,0.0
21046,2022/09/23/ 15:52:54,:CCF957966B2C,-63,-1,-26,37,1.0,134,90,100,0.0
21047,2022/09/23/ 15:52:55,:CCF957966B2C,-54,-1,-26,38,1.0,134,90,100,0.0
21048,2022/09/23/ 15:52:56,:CCF957966B2C,-61,-1,-26,37,1.0,134,90,100,0.0
21049,2022/09/23/ 15:52:56,:CCF957966B2C,-54,-1,-26,38,1.0,134,90,100,0.0
21050,2022/09/23/ 15:52:56,:CCF957966B2C,-58,-1,-26,37,1.0,134,90,100,0.0
21051,2022/09/23/ 15:52:57,:CCF957966B2C,-54,-1,-26,38,1.0,134,90,100,0.0
21052,2022/09/23/ 15:52:57,:CCF957966B2C,-63,-1,-26,37,1.0,134,90,100,0.0
21053,2022/09/23/ 15:52:58,:CCF957966B2C,-54,-1,-26,38,1.0,134,90,100,0.0
21054,2022/09/23/ 15:52:58,:CCF957966B2C,-61,-1,-26,37,1.0,134,90,100,0.0
21055,2022/09/23/ 15:52:59,:CCF957966B2C,-54,-2,-26,38,1.0,134,90,100,0.0
21056,2022/09/23/ 15:53:00,:CCF957966B2C,-54,-1,-26,38,1.0,134,90,100,0.0
21057,2022/09/23/ 15:53:00,:CCF957966B2C,-61,-1,-19,37,1.0,134,90,100,0.0
21058,2022/09/23/ 15:53:01,:CCF957966B2C,-54,-1,-26,38,1.0,134,90,100,0.0
21059,2022/09/23/ 15:53:01,:CCF957966B2C,-61,-1,-19,37,1.0,134,90,100,0.0
21060,2022/09/23/ 15:53:01,:CCF957966B2C,-54,-1,-26,38,1.0,134,90,100,0.0
21061,2022/09/23/ 15:53:02,:CCF957966B2C,-61,-1,-19,37,1.0,134,90,100,0.0
21062,2022/09/23/ 15:53:02,:CCF957966B2C,-54,-1,-26,38,1.0,134,90,100,0.0
21063,2022/09/23/ 15:53:03,:CCF957966B2C,-61,-1,-19,37,1.0,134,90,100,0.0
21064,2022/09/23/ 15:53:03,:CCF957966B2C,-54,-1,-26,38,1.0,134,90,100,0.0
21065,2022/09/23/ 15:53:04,:CCF957966B2C,-61,-1,-20,37,1.0,134,90,100,0.0
21066,2022/09/23/ 15:53:05,:CCF957966B2C,-54,-1,-27,38,1.0,134,90,100,0.0
21067,2022/09/23/ 15:53:05,:CCF957966B2C,-61,-1,-20,37,1.0,134,90,100,0.0
21068,2022/09/23/ 15:53:06,:CCF957966B2C,-54,-1,-27,38,1.0,134,90,100,0.0
21069,2022/09/23/ 15:53:06,:CCF957966B2C,-61,-1,-20,37,1.0,134,90,100,0.0
21070,2022/09/23/ 15:53:06,:CCF957966B2C,-54,-1,-27,38,1.0,134,90,100,0.0
21071,2022/09/23/ 15:53:07,:CCF957966B2C,-63,-1,-20,37,1.0,134,90,100,0.0
21072,2022/09/23/ 15:53:07,:CCF957966B2C,-54,-1,-27,38,1.0,134,90,100,0.0
21073,2022/09/23/ 15:53:08,:CCF957966B2C,-61,-1,-26,37,1.0,134,90,100,0.0
21074,2022/09/23/ 15:53:09,:CCF957966B2C,-54,-1,-26,38,1.0,134,90,100,0.0
21075,2022/09/23/ 15:53:09,:CCF957966B2C,-63,-1,-26,37,1.0,134,90,100,0.0
21076,2022/09/23/ 15:53:10,:CCF957966B2C,-54,-1,-26,38,1.0,134,90,100,0.0
21077,2022/09/23/ 15:53:10,:CCF957966B2C,-63,-1,-26,37,1.0,134,90,100,0.0
21078,2022/09/23/ 15:53:11,:CCF957966B2C,-54,-1,-26,38,1.0,134,90,100,0.0
21079,2022/09/23/ 15:53:11,:CCF957966B2C,-63,-1,-26,37,1.0,134,90,100,0.0
21080,2022/09/23/ 15:53:11,:CCF957966B2C,-55,-1,-26,38,1.0,134,90,100,0.0
21081,2022/09/23/ 15:53:12,:CCF957966B2C,-63,-1,-27,37,1.0,134,90,100,0.0
21082,2022/09/23/ 15:53:13,:CCF957966B2C,-54,-1,-27,38,1.0,134,90,100,0.0
21083,2022/09/23/ 15:53:13,:CCF957966B2C,-61,-1,-27,37,1.0,134,90,100,0.0
21084,2022/09/23/ 15:53:14,:CCF957966B2C,-54,-1,-27,38,1.0,134,90,100,0.0
21085,2022/09/23/ 15:53:14,:CCF957966B2C,-61,-1,-27,37,1.0,134,90,100,0.0
21086,2022/09/23/ 15:53:15,:CCF957966B2C,-54,-1,-27,38,1.0,134,90,100,0.0
21087,2022/09/23/ 15:53:15,:CCF957966B2C,-63,-1,-27,37,1.0,134,90,100,0.0
21088,2022/09/23/ 15:53:15,:CCF957966B2C,-54,-1,-25,38,1.0,134,90,100,0.0
21089,2022/09/23/ 15:53:16,:CCF957966B2C,-61,-1,-25,37,1.0,134,90,100,0.0
21090,2022/09/23/ 15:53:17,:CCF957966B2C,-54,-2,-26,38,1.0,134,90,100,0.0
21091,2022/09/23/ 15:53:17,:CCF957966B2C,-62,-1,-19,37,1.0,134,90,100,0.0
21092,2022/09/23/ 15:53:18,:CCF957966B2C,-54,-2,-26,38,1.0,134,90,100,0.0
21093,2022/09/23/ 15:53:18,:CCF957966B2C,-63,-1,-19,37,1.0,134,90,100,0.0
21094,2022/09/23/ 15:53:19,:CCF957966B2C,-54,-1,-26,38,1.0,134,90,100,0.0
21095,2022/09/23/ 15:53:19,:CCF957966B2C,-63,-1,-19,37,1.0,134,90,100,0.0
21096,2022/09/23/ 15:53:19,:CCF957966B2C,-54,-1,-26,38,1.0,134,90,100,0.0
21097,2022/09/23/ 15:53:20,:CCF957966B2C,-63,-1,-20,37,1.0,134,90,100,0.0
21098,2022/09/23/ 15:53:20,:CCF957966B2C,-54,-1,-26,38,1.0,134,90,100,0.0
21099,2022/09/23/ 15:53:21,:CCF957966B2C,-63,-1,-26,37,1.0,134,90,100,0.0
21100,2022/09/23/ 15:53:22,:CCF957966B2C,-54,-1,-26,38,1.0,134,90,100,0.0
21101,2022/09/23/ 15:53:22,:CCF957966B2C,-63,-1,-26,37,1.0,134,90,100,0.0
21102,2022/09/23/ 15:53:23,:CCF957966B2C,-54,-1,-26,38,1.0,134,90,100,0.0
21103,2022/09/23/ 15:53:23,:CCF957966B2C,-61,-1,-26,37,1.0,134,90,100,0.0
21104,2022/09/23/ 15:53:24,:CCF957966B2C,-55,-1,-26,38,1.0,134,90,100,0.0
21105,2022/09/23/ 15:53:24,:CCF957966B2C,-65,-1,-26,37,1.0,134,90,100,0.0
21106,2022/09/23/ 15:53:24,:CCF957966B2C,-54,-1,-26,38,1.0,134,90,100,0.0
21107,2022/09/23/ 15:53:25,:CCF957966B2C,-60,-1,-20,37,1.0,134,90,100,0.0
21108,2022/09/23/ 15:53:26,:CCF957966B2C,-54,-2,-26,38,1.0,134,90,100,0.0
21109,2022/09/23/ 15:53:26,:CCF957966B2C,-61,-1,-20,37,1.0,134,90,100,0.0
21110,2022/09/23/ 15:53:27,:CCF957966B2C,-54,-2,-26,38,1.0,134,90,100,0.0
21111,2022/09/23/ 15:53:27,:CCF957966B2C,-63,-1,-20,37,1.0,134,90,100,0.0
21112,2022/09/23/ 15:53:28,:CCF957966B2C,-54,-2,-26,38,1.0,134,90,100,0.0
21113,2022/09/23/ 15:53:28,:CCF957966B2C,-62,-2,-26,37,1.0,134,90,100,0.0
21114,2022/09/23/ 15:53:28,:CCF957966B2C,-54,-2,-26,38,1.0,134,90,100,0.0
21115,2022/09/23/ 15:53:29,:CCF957966B2C,-62,-2,-26,37,1.0,134,90,100,0.0
21116,2022/09/23/ 15:53:30,:CCF957966B2C,-61,-1,-26,37,1.0,134,90,100,0.0
21117,2022/09/23/ 15:53:30,:CCF957966B2C,-54,-1,-26,38,1.0,134,90,100,0.0
21118,2022/09/23/ 15:53:31,:CCF957966B2C,-63,-1,-26,37,1.0,134,90,100,0.0
21119,2022/09/23/ 15:53:31,:CCF957966B2C,-53,-1,-26,38,1.0,134,90,100,0.0
21120,2022/09/23/ 15:57:33,:CCF957966B2C,-62,-1,-19,37,0.0,134,90,100,1.0
21121,2022/09/23/ 15:57:34,:CCF957966B2C,-54,-1,-25,38,0.0,134,90,100,1.0
21122,2022/09/23/ 15:57:34,:CCF957966B2C,-62,-1,-19,37,0.0,134,90,100,1.0
21123,2022/09/23/ 15:57:35,:CCF957966B2C,-54,-1,-25,38,0.0,134,90,100,1.0
21124,2022/09/23/ 15:57:35,:CCF957966B2C,-62,-1,-19,37,0.0,134,90,100,1.0
21125,2022/09/23/ 15:57:36,:CCF957966B2C,-54,-1,-25,38,0.0,134,90,100,1.0
21126,2022/09/23/ 15:57:36,:CCF957966B2C,-65,-1,-19,37,0.0,134,90,100,1.0
21127,2022/09/23/ 15:57:36,:CCF957966B2C,-54,-1,-25,38,0.0,134,90,100,1.0
21128,2022/09/23/ 15:57:37,:CCF957966B2C,-62,-1,-19,37,0.0,134,90,100,1.0
21129,2022/09/23/ 15:57:37,:CCF957966B2C,-54,-1,-25,38,0.0,134,90,100,1.0
21130,2022/09/23/ 15:57:38,:CCF957966B2C,-62,-1,-19,37,0.0,134,90,100,1.0
21131,2022/09/23/ 15:57:38,:CCF957966B2C,-64,3,-33,37,0.0,134,90,100,1.0
21132,2022/09/23/ 15:57:39,:CCF957966B2C,-62,5,-33,38,0.0,134,90,100,1.0
21133,2022/09/23/ 15:57:39,:CCF957966B2C,-61,5,-33,39,0.0,134,90,100,1.0
21134,2022/09/23/ 15:57:40,:CCF957966B2C,-67,6,-33,37,0.0,134,90,100,1.0
21135,2022/09/23/ 15:57:40,:CCF957966B2C,-62,8,-32,38,0.0,134,90,100,1.0
21136,2022/09/23/ 15:57:40,:CCF957966B2C,-61,8,-33,39,0.0,134,90,100,1.0
21137,2022/09/23/ 15:57:41,:CCF957966B2C,-64,11,-33,37,0.0,134,90,100,1.0
21138,2022/09/23/ 15:57:41,:CCF957966B2C,-63,11,-32,38,0.0,134,90,100,1.0
21139,2022/09/23/ 15:57:42,:CCF957966B2C,-61,12,-33,39,0.0,134,90,100,1.0
21140,2022/09/23/ 15:57:42,:CCF957966B2C,-65,12,-32,37,0.0,134,90,100,1.0
21141,2022/09/23/ 15:57:43,:CCF957966B2C,-62,13,-32,38,0.0,134,90,100,1.0
21142,2022/09/23/ 15:57:43,:CCF957966B2C,-61,13,-33,39,0.0,134,90,100,1.0
21143,2022/09/23/ 15:57:44,:CCF957966B2C,-67,13,-32,37,0.0,134,90,100,1.0
21144,2022/09/23/ 15:57:44,:CCF957966B2C,-62,13,-32,38,0.0,134,90,100,1.0
21145,2022/09/23/ 15:57:45,:CCF957966B2C,-61,14,-32,39,0.0,134,90,100,1.0
21146,2022/09/23/ 15:57:45,:CCF957966B2C,-64,14,-32,37,0.0,134,90,100,1.0
21147,2022/09/23/ 15:57:45,:CCF957966B2C,-62,14,-32,38,0.0,134,90,100,1.0
21148,2022/09/23/ 15:57:46,:CCF957966B2C,-61,14,-32,39,0.0,134,90,100,1.0
21149,2022/09/23/ 15:57:46,:CCF957966B2C,-67,15,-32,37,0.0,134,90,100,1.0
21150,2022/09/23/ 15:57:47,:CCF957966B2C,-62,15,-32,38,0.0,134,90,100,1.0
21151,2022/09/23/ 15:57:47,:CCF957966B2C,-61,15,-32,39,0.0,134,90,100,1.0
21152,2022/09/23/ 15:57:48,:CCF957966B2C,-64,15,-32,37,0.0,134,90,100,1.0
21153,2022/09/23/ 15:57:48,:CCF957966B2C,-63,15,-32,38,0.0,134,90,100,1.0
21154,2022/09/23/ 15:57:49,:CCF957966B2C,-61,15,-32,39,0.0,134,90,100,1.0
21155,2022/09/23/ 15:57:49,:CCF957966B2C,-65,15,-32,37,0.0,134,90,100,1.0
21156,2022/09/23/ 15:57:49,:CCF957966B2C,-62,15,-32,38,0.0,134,90,100,1.0
21157,2022/09/23/ 15:57:50,:CCF957966B2C,-61,15,-32,39,0.0,134,90,100,1.0
21158,2022/09/23/ 15:57:50,:CCF957966B2C,-64,15,-33,37,0.0,134,90,100,1.0
21159,2022/09/23/ 15:57:51,:CCF957966B2C,-61,15,-33,39,0.0,134,90,100,1.0
21160,2022/09/23/ 15:57:51,:CCF957966B2C,-64,15,-33,37,0.0,134,90,100,1.0
21161,2022/09/23/ 15:57:52,:CCF957966B2C,-63,15,-33,38,0.0,134,90,100,1.0
21162,2022/09/23/ 15:57:52,:CCF957966B2C,-61,15,-33,39,0.0,134,90,100,1.0
21163,2022/09/23/ 15:57:53,:CCF957966B2C,-67,15,-33,37,0.0,134,90,100,1.0
21164,2022/09/23/ 15:57:53,:CCF957966B2C,-61,15,-33,39,0.0,134,90,100,1.0
21165,2022/09/23/ 15:57:54,:CCF957966B2C,-64,15,-34,37,0.0,134,90,100,1.0
21166,2022/09/23/ 15:57:54,:CCF957966B2C,-63,15,-33,38,0.0,134,90,100,1.0
21167,2022/09/23/ 15:57:54,:CCF957966B2C,-61,15,-34,39,0.0,134,90,100,1.0
21168,2022/09/23/ 15:57:55,:CCF957966B2C,-64,15,-34,37,0.0,134,90,100,1.0
21169,2022/09/23/ 15:57:55,:CCF957966B2C,-63,15,-34,38,0.0,134,90,100,1.0
21170,2022/09/23/ 15:57:56,:CCF957966B2C,-61,15,-34,39,0.0,134,90,100,1.0
21171,2022/09/23/ 15:57:56,:CCF957966B2C,-64,15,-34,37,0.0,134,90,100,1.0
21172,2022/09/23/ 15:57:57,:CCF957966B2C,-61,15,-34,39,0.0,134,90,100,1.0
21173,2022/09/23/ 15:57:57,:CCF957966B2C,-64,15,-34,37,0.0,134,90,100,1.0
21174,2022/09/23/ 15:57:58,:CCF957966B2C,-63,15,-34,38,0.0,134,90,100,1.0
21175,2022/09/23/ 15:57:58,:CCF957966B2C,-61,15,-34,39,0.0,134,90,100,1.0
21176,2022/09/23/ 15:57:59,:CCF957966B2C,-64,16,-34,37,0.0,134,90,100,1.0
21177,2022/09/23/ 15:57:59,:CCF957966B2C,-63,16,-34,38,0.0,134,90,100,1.0
21178,2022/09/23/ 15:57:59,:CCF957966B2C,-61,16,-34,39,0.0,134,90,100,1.0
21179,2022/09/23/ 15:58:00,:CCF957966B2C,-64,16,-34,37,0.0,134,90,100,1.0
21180,2022/09/23/ 15:58:00,:CCF957966B2C,-63,16,-34,38,0.0,134,90,100,1.0
21181,2022/09/23/ 15:58:01,:CCF957966B2C,-61,16,-34,39,0.0,134,90,100,1.0
21182,2022/09/23/ 15:58:01,:CCF957966B2C,-65,16,-34,37,0.0,134,90,100,1.0
21183,2022/09/23/ 15:58:02,:CCF957966B2C,-63,16,-34,38,0.0,134,90,100,1.0
21184,2022/09/23/ 15:58:02,:CCF957966B2C,-61,16,-34,39,0.0,134,90,100,1.0
21185,2022/09/23/ 15:58:03,:CCF957966B2C,-64,16,-34,37,0.0,134,90,100,1.0
21186,2022/09/23/ 15:58:03,:CCF957966B2C,-63,17,-34,38,0.0,134,90,100,1.0
21187,2022/09/23/ 15:58:03,:CCF957966B2C,-61,18,-34,39,0.0,134,90,100,1.0
21188,2022/09/23/ 15:58:04,:CCF957966B2C,-64,18,-34,37,0.0,134,90,100,1.0
21189,2022/09/23/ 15:58:04,:CCF957966B2C,-63,18,-34,38,0.0,134,90,100,1.0
21190,2022/09/23/ 15:58:05,:CCF957966B2C,-61,18,-34,39,0.0,134,90,100,1.0
21191,2022/09/23/ 15:58:05,:CCF957966B2C,-64,18,-34,37,0.0,134,90,100,1.0
21192,2022/09/23/ 15:58:06,:CCF957966B2C,-63,18,-33,38,0.0,134,90,100,1.0
21193,2022/09/23/ 15:58:06,:CCF957966B2C,-61,18,-33,39,0.0,134,90,100,1.0
21194,2022/09/23/ 15:58:06,:CCF957966B2C,-67,18,-33,37,0.0,134,90,100,1.0
21195,2022/09/23/ 15:58:07,:CCF957966B2C,-63,19,-33,38,0.0,134,90,100,1.0
21196,2022/09/23/ 15:58:08,:CCF957966B2C,-64,19,-33,37,0.0,134,90,100,1.0
21197,2022/09/23/ 15:58:08,:CCF957966B2C,-63,19,-33,38,0.0,134,90,100,1.0
21198,2022/09/23/ 15:58:09,:CCF957966B2C,-60,19,-33,39,0.0,134,90,100,1.0
21199,2022/09/23/ 15:58:09,:CCF957966B2C,-64,19,-33,37,0.0,134,90,100,1.0
21200,2022/09/23/ 15:58:10,:CCF957966B2C,-63,19,-33,38,0.0,134,90,100,1.0
21201,2022/09/23/ 15:58:10,:CCF957966B2C,-60,19,-33,39,0.0,134,90,100,1.0
21202,2022/09/23/ 15:58:11,:CCF957966B2C,-64,19,-33,37,0.0,134,90,100,1.0
21203,2022/09/23/ 15:58:11,:CCF957966B2C,-63,19,-33,38,0.0,134,90,100,1.0
21204,2022/09/23/ 15:58:12,:CCF957966B2C,-61,11,-34,39,0.0,134,90,100,1.0
21205,2022/09/23/ 15:58:12,:CCF957966B2C,-64,11,-34,37,0.0,134,90,100,1.0
21206,2022/09/23/ 15:58:13,:CCF957966B2C,-64,11,-34,38,0.0,134,90,100,1.0
21207,2022/09/23/ 15:58:13,:CCF957966B2C,-62,11,-34,39,0.0,134,90,100,1.0
21208,2022/09/23/ 15:58:14,:CCF957966B2C,-63,11,-34,37,0.0,134,90,100,1.0
21209,2022/09/23/ 15:58:14,:CCF957966B2C,-64,11,-34,38,0.0,134,90,100,1.0
21210,2022/09/23/ 15:58:15,:CCF957966B2C,-61,11,-34,39,0.0,134,90,100,1.0
21211,2022/09/23/ 15:58:15,:CCF957966B2C,-67,11,-34,37,0.0,134,90,100,1.0
21212,2022/09/23/ 15:58:16,:CCF957966B2C,-64,12,-34,38,0.0,134,90,100,1.0

21213,2022/09/23/ 15:58:17,:CCF957966B2C,-64,9,-34,38,0.0,134,90,100,1.0

21214,2022/09/23/ 15:58:17,:CCF957966B2C,-63,9,-34,39,0.0,134,90,100,1.0

21215,2022/09/23/ 15:58:17,:CCF957966B2C,-67,9,-34,37,0.0,134,90,100,1.0
21216,2022/09/23/ 15:58:18,:CCF957966B2C,-64,10,-34,38,0.0,134,90,100,1.0
21217,2022/09/23/ 15:58:18,:CCF957966B2C,-63,10,-34,39,0.0,134,90,100,1.0
21218,2022/09/23/ 15:58:19,:CCF957966B2C,-64,10,-34,37,0.0,134,90,100,1.0
21219,2022/09/23/ 15:58:19,:CCF957966B2C,-64,10,-34,38,0.0,134,90,100,1.0
21220,2022/09/23/ 15:58:20,:CCF957966B2C,-62,10,-34,39,0.0,134,90,100,1.0

21221,2022/09/23/ 15:58:21,:CCF957966B2C,-67,8,-33,37,0.0,134,90,100,1.0

21222,2022/09/23/ 15:58:21,:CCF957966B2C,-64,9,-33,38,0.0,134,90,100,1.0
21223,2022/09/23/ 15:58:22,:CCF957966B2C,-63,10,-33,39,0.0,134,90,100,1.0

21224,2022/09/23/ 15:58:22,:CCF957966B2C,-64,9,-33,37,0.0,134,90,100,1.0

21225,2022/09/23/ 15:58:22,:CCF957966B2C,-65,9,-33,38,0.0,134,90,100,1.0

21226,2022/09/23/ 15:58:23,:CCF957966B2C,-65,9,-34,39,0.0,134,90,100,1.0

21227,2022/09/23/ 15:58:23,:CCF957966B2C,-64,9,-34,37,0.0,134,90,100,1.0
21228,2022/09/23/ 15:58:24,:CCF957966B2C,-65,10,-34,38,0.0,134,90,100,1.0
21229,2022/09/23/ 15:58:24,:CCF957966B2C,-62,10,-34,39,0.0,134,90,100,1.0

21230,2022/09/23/ 15:58:25,:CCF957966B2C,-65,8,-34,38,0.0,134,90,100,1.0

21231,2022/09/23/ 15:58:26,:CCF957966B2C,-65,8,-34,39,0.0,134,90,100,1.0

21232,2022/09/23/ 15:58:26,:CCF957966B2C,-64,8,-34,37,0.0,134,90,100,1.0

21233,2022/09/23/ 15:58:26,:CCF957966B2C,-62,8,-34,39,0.0,134,90,100,1.0

21234,2022/09/23/ 15:58:27,:CCF957966B2C,-64,8,-34,37,0.0,134,90,100,1.0

21235,2022/09/23/ 15:58:27,:CCF957966B2C,-65,8,-34,38,0.0,134,90,100,1.0

21236,2022/09/23/ 15:58:28,:CCF957966B2C,-65,8,-34,39,0.0,134,90,100,1.0

21237,2022/09/23/ 15:58:28,:CCF957966B2C,-64,8,-34,37,0.0,134,90,100,1.0

21238,2022/09/23/ 15:58:29,:CCF957966B2C,-65,8,-34,37,0.0,134,90,100,1.0

21239,2022/09/23/ 15:58:30,:CCF957966B2C,-64,8,-34,38,0.0,134,90,100,1.0

21240,2022/09/23/ 15:58:30,:CCF957966B2C,-62,8,-34,39,0.0,134,90,100,1.0

21241,2022/09/23/ 15:58:31,:CCF957966B2C,-64,8,-34,37,0.0,134,90,100,1.0

21242,2022/09/23/ 15:58:31,:CCF957966B2C,-65,8,-34,38,0.0,134,90,100,1.0

21243,2022/09/23/ 15:58:31,:CCF957966B2C,-65,8,-34,39,0.0,134,90,100,1.0

21244,2022/09/23/ 15:58:32,:CCF957966B2C,-64,8,-34,37,0.0,134,90,100,1.0

21245,2022/09/23/ 15:58:32,:CCF957966B2C,-65,8,-34,38,0.0,134,90,100,1.0

21246,2022/09/23/ 15:58:33,:CCF957966B2C,-62,8,-34,39,0.0,134,90,100,1.0

21247,2022/09/23/ 15:58:34,:CCF957966B2C,-65,8,-34,37,0.0,134,90,100,1.0

21248,2022/09/23/ 15:58:34,:CCF957966B2C,-65,9,-34,38,0.0,134,90,100,1.0

21249,2022/09/23/ 15:58:35,:CCF957966B2C,-62,9,-35,39,0.0,134,90,100,1.0

21250,2022/09/23/ 15:58:35,:CCF957966B2C,-64,9,-34,37,0.0,134,90,100,1.0

21251,2022/09/23/ 15:58:36,:CCF957966B2C,-65,9,-34,38,0.0,134,90,100,1.0

21252,2022/09/23/ 15:58:36,:CCF957966B2C,-62,9,-34,39,0.0,134,90,100,1.0

21253,2022/09/23/ 15:58:36,:CCF957966B2C,-64,9,-34,37,0.0,134,90,100,1.0

21254,2022/09/23/ 15:58:37,:CCF957966B2C,-65,9,-34,38,0.0,134,90,100,1.0

21255,2022/09/23/ 15:58:37,:CCF957966B2C,-63,9,-34,39,0.0,134,90,100,1.0

21256,2022/09/23/ 15:58:38,:CCF957966B2C,-67,9,-35,37,0.0,134,90,100,1.0

21257,2022/09/23/ 15:58:39,:CCF957966B2C,-65,9,-35,38,0.0,134,90,100,1.0

21258,2022/09/23/ 15:58:39,:CCF957966B2C,-62,9,-35,39,0.0,134,90,100,1.0

21259,2022/09/23/ 15:58:40,:CCF957966B2C,-64,9,-35,37,0.0,134,90,100,1.0

21260,2022/09/23/ 15:58:40,:CCF957966B2C,-65,9,-35,38,0.0,134,90,100,1.0

21261,2022/09/23/ 15:58:41,:CCF957966B2C,-64,9,-35,39,0.0,134,90,100,1.0

21262,2022/09/23/ 15:58:41,:CCF957966B2C,-67,9,-35,37,0.0,134,90,100,1.0

21263,2022/09/23/ 15:58:41,:CCF957966B2C,-65,9,-35,38,0.0,134,90,100,1.0

21264,2022/09/23/ 15:58:42,:CCF957966B2C,-63,9,-35,39,0.0,134,90,100,1.0
21265,2022/09/23/ 15:58:43,:CCF957966B2C,-62,10,-35,39,0.0,134,90,100,1.0
21266,2022/09/23/ 15:58:43,:CCF957966B2C,-65,10,-35,37,0.0,134,90,100,1.0
21267,2022/09/23/ 15:58:44,:CCF957966B2C,-65,10,-35,38,0.0,134,90,100,1.0
21268,2022/09/23/ 15:58:44,:CCF957966B2C,-62,10,-35,39,0.0,134,90,100,1.0
21269,2022/09/23/ 15:58:45,:CCF957966B2C,-64,10,-35,37,0.0,134,90,100,1.0
21270,2022/09/23/ 15:58:45,:CCF957966B2C,-65,10,-35,38,0.0,134,90,100,1.0
21271,2022/09/23/ 15:58:46,:CCF957966B2C,-62,10,-35,39,0.0,134,90,100,1.0
21272,2022/09/23/ 15:58:46,:CCF957966B2C,-67,10,-35,37,0.0,134,90,100,1.0
21273,2022/09/23/ 15:58:46,:CCF957966B2C,-65,10,-35,38,0.0,134,90,100,1.0

21274,2022/09/23/ 15:58:47,:CCF957966B2C,-62,9,-35,39,0.0,134,90,100,1.0

21275,2022/09/23/ 15:58:48,:CCF957966B2C,-64,9,-35,37,0.0,134,90,100,1.0

21276,2022/09/23/ 15:58:48,:CCF957966B2C,-65,9,-35,38,0.0,134,90,100,1.0

21277,2022/09/23/ 15:58:49,:CCF957966B2C,-62,9,-35,39,0.0,134,90,100,1.0

21278,2022/09/23/ 15:58:49,:CCF957966B2C,-64,8,-35,37,0.0,134,90,100,1.0

21279,2022/09/23/ 15:58:50,:CCF957966B2C,-65,9,-35,38,0.0,134,90,100,1.0

21280,2022/09/23/ 15:58:50,:CCF957966B2C,-62,9,-35,39,0.0,134,90,100,1.0

21281,2022/09/23/ 15:58:51,:CCF957966B2C,-64,8,-35,37,0.0,134,90,100,1.0

21282,2022/09/23/ 15:58:51,:CCF957966B2C,-64,8,-35,37,0.0,134,90,100,1.0

21283,2022/09/23/ 15:58:52,:CCF957966B2C,-65,8,-35,38,0.0,134,90,100,1.0

21284,2022/09/23/ 15:58:52,:CCF957966B2C,-62,8,-35,39,0.0,134,90,100,1.0

21285,2022/09/23/ 15:58:53,:CCF957966B2C,-64,8,-35,37,0.0,134,90,100,1.0

21286,2022/09/23/ 15:58:53,:CCF957966B2C,-65,9,-35,38,0.0,134,90,100,1.0

21287,2022/09/23/ 15:58:54,:CCF957966B2C,-62,9,-35,39,0.0,134,90,100,1.0

21288,2022/09/23/ 15:58:54,:CCF957966B2C,-69,9,-35,37,0.0,134,90,100,1.0

21289,2022/09/23/ 15:58:55,:CCF957966B2C,-65,9,-35,38,0.0,134,90,100,1.0

21290,2022/09/23/ 15:58:55,:CCF957966B2C,-62,9,-35,39,0.0,134,90,100,1.0
21291,2022/09/23/ 15:58:56,:CCF957966B2C,-62,11,-36,39,0.0,134,90,100,1.0
21292,2022/09/23/ 15:58:56,:CCF957966B2C,-64,10,-36,37,0.0,134,90,100,1.0
21293,2022/09/23/ 15:58:57,:CCF957966B2C,-64,11,-36,38,0.0,134,90,100,1.0
21294,2022/09/23/ 15:58:57,:CCF957966B2C,-63,12,-36,39,0.0,134,90,100,1.0
21295,2022/09/23/ 15:58:58,:CCF957966B2C,-64,10,-36,37,0.0,134,90,100,1.0
21296,2022/09/23/ 15:58:58,:CCF957966B2C,-65,12,-36,38,0.0,134,90,100,1.0
21297,2022/09/23/ 15:58:59,:CCF957966B2C,-62,12,-36,39,0.0,134,90,100,1.0
21298,2022/09/23/ 15:58:59,:CCF957966B2C,-67,12,-36,37,0.0,134,90,100,1.0
21299,2022/09/23/ 15:59:00,:CCF957966B2C,-64,12,-36,38,0.0,134,90,100,1.0
21300,2022/09/23/ 15:59:00,:CCF957966B2C,-64,11,-35,37,0.0,134,90,100,1.0
21301,2022/09/23/ 15:59:01,:CCF957966B2C,-65,11,-35,38,0.0,134,90,100,1.0
21302,2022/09/23/ 15:59:01,:CCF957966B2C,-62,11,-35,39,0.0,134,90,100,1.0
21303,2022/09/23/ 15:59:01,:CCF957966B2C,-64,11,-36,37,0.0,134,90,100,1.0
21304,2022/09/23/ 15:59:02,:CCF957966B2C,-65,11,-36,38,0.0,134,90,100,1.0
21305,2022/09/23/ 15:59:02,:CCF957966B2C,-61,11,-36,39,0.0,134,90,100,1.0
21306,2022/09/23/ 15:59:03,:CCF957966B2C,-64,11,-36,37,0.0,134,90,100,1.0
21307,2022/09/23/ 15:59:03,:CCF957966B2C,-65,11,-36,38,0.0,134,90,100,1.0
21308,2022/09/23/ 15:59:04,:CCF957966B2C,-62,11,-36,39,0.0,134,90,100,1.0
21309,2022/09/23/ 15:59:05,:CCF957966B2C,-65,10,-35,38,0.0,134,90,100,1.0
21310,2022/09/23/ 15:59:05,:CCF957966B2C,-61,10,-35,39,0.0,134,90,100,1.0
21311,2022/09/23/ 15:59:05,:CCF957966B2C,-65,10,-35,37,0.0,134,90,100,1.0
21312,2022/09/23/ 15:59:06,:CCF957966B2C,-65,10,-35,38,0.0,134,90,100,1.0
21313,2022/09/23/ 15:59:06,:CCF957966B2C,-61,10,-35,39,0.0,134,90,100,1.0
21314,2022/09/23/ 15:59:07,:CCF957966B2C,-64,10,-35,37,0.0,134,90,100,1.0
21315,2022/09/23/ 15:59:07,:CCF957966B2C,-65,10,-35,38,0.0,134,90,100,1.0
21316,2022/09/23/ 15:59:08,:CCF957966B2C,-61,10,-35,39,0.0,134,90,100,1.0
21317,2022/09/23/ 15:59:08,:CCF957966B2C,-64,10,-36,38,0.0,134,90,100,1.0
21318,2022/09/23/ 15:59:09,:CCF957966B2C,-61,10,-37,39,0.0,134,90,100,1.0
21319,2022/09/23/ 15:59:09,:CCF957966B2C,-64,10,-36,37,0.0,134,90,100,1.0
21320,2022/09/23/ 15:59:10,:CCF957966B2C,-65,10,-36,38,0.0,134,90,100,1.0
21321,2022/09/23/ 15:59:10,:CCF957966B2C,-61,11,-36,39,0.0,134,90,100,1.0
21322,2022/09/23/ 15:59:11,:CCF957966B2C,-65,10,-36,37,0.0,134,90,100,1.0
21323,2022/09/23/ 15:59:11,:CCF957966B2C,-65,10,-36,38,0.0,134,90,100,1.0
21324,2022/09/23/ 15:59:12,:CCF957966B2C,-61,10,-36,39,0.0,134,90,100,1.0
21325,2022/09/23/ 15:59:12,:CCF957966B2C,-65,10,-36,37,0.0,134,90,100,1.0
21326,2022/09/23/ 15:59:13,:CCF957966B2C,-64,11,-36,37,0.0,134,90,100,1.0
21327,2022/09/23/ 15:59:13,:CCF957966B2C,-64,11,-36,38,0.0,134,90,100,1.0
21328,2022/09/23/ 15:59:14,:CCF957966B2C,-62,11,-36,39,0.0,134,90,100,1.0
21329,2022/09/23/ 15:59:14,:CCF957966B2C,-64,11,-36,37,0.0,134,90,100,1.0
21330,2022/09/23/ 15:59:15,:CCF957966B2C,-65,11,-36,38,0.0,134,90,100,1.0
21331,2022/09/23/ 15:59:15,:CCF957966B2C,-61,11,-36,39,0.0,134,90,100,1.0
21332,2022/09/23/ 15:59:16,:CCF957966B2C,-64,11,-36,37,0.0,134,90,100,1.0
21333,2022/09/23/ 15:59:16,:CCF957966B2C,-65,11,-36,38,0.0,134,90,100,1.0
21334,2022/09/23/ 15:59:17,:CCF957966B2C,-62,11,-36,39,0.0,134,90,100,1.0
21335,2022/09/23/ 15:59:17,:CCF957966B2C,-64,11,-35,37,0.0,134,90,100,1.0
21336,2022/09/23/ 15:59:18,:CCF957966B2C,-65,11,-35,38,0.0,134,90,100,1.0
21337,2022/09/23/ 15:59:18,:CCF957966B2C,-62,11,-35,39,0.0,134,90,100,1.0
21338,2022/09/23/ 15:59:19,:CCF957966B2C,-64,11,-35,37,0.0,134,90,100,1.0
21339,2022/09/23/ 15:59:19,:CCF957966B2C,-65,11,-35,38,0.0,134,90,100,1.0
21340,2022/09/23/ 15:59:20,:CCF957966B2C,-62,11,-35,39,0.0,134,90,100,1.0
21341,2022/09/23/ 15:59:20,:CCF957966B2C,-65,11,-35,37,0.0,134,90,100,1.0
21342,2022/09/23/ 15:59:21,:CCF957966B2C,-65,11,-35,38,0.0,134,90,100,1.0
21343,2022/09/23/ 15:59:21,:CCF957966B2C,-65,12,-36,38,0.0,134,90,100,1.0
21344,2022/09/23/ 15:59:22,:CCF957966B2C,-62,12,-36,39,0.0,134,90,100,1.0
21345,2022/09/23/ 15:59:22,:CCF957966B2C,-64,12,-36,37,0.0,134,90,100,1.0
21346,2022/09/23/ 15:59:23,:CCF957966B2C,-65,12,-36,38,0.0,134,90,100,1.0
21347,2022/09/23/ 15:59:23,:CCF957966B2C,-62,12,-36,39,0.0,134,90,100,1.0
21348,2022/09/23/ 15:59:24,:CCF957966B2C,-67,12,-36,37,0.0,134,90,100,1.0
21349,2022/09/23/ 15:59:24,:CCF957966B2C,-65,12,-36,38,0.0,134,90,100,1.0
21350,2022/09/23/ 15:59:25,:CCF957966B2C,-62,12,-36,39,0.0,134,90,100,1.0

21351,2022/09/23/ 15:59:25,:CCF957966B2C,-65,9,-36,38,0.0,134,90,100,1.0

21352,2022/09/23/ 15:59:26,:CCF957966B2C,-61,9,-36,39,0.0,134,90,100,1.0

21353,2022/09/23/ 15:59:26,:CCF957966B2C,-64,9,-36,37,0.0,134,90,100,1.0

21354,2022/09/23/ 15:59:27,:CCF957966B2C,-65,9,-36,38,0.0,134,90,100,1.0

21355,2022/09/23/ 15:59:27,:CCF957966B2C,-61,9,-36,39,0.0,134,90,100,1.0

21356,2022/09/23/ 15:59:28,:CCF957966B2C,-64,9,-36,37,0.0,134,90,100,1.0

21357,2022/09/23/ 15:59:28,:CCF957966B2C,-65,9,-36,38,0.0,134,90,100,1.0

21358,2022/09/23/ 15:59:29,:CCF957966B2C,-62,9,-36,39,0.0,134,90,100,1.0

21359,2022/09/23/ 15:59:29,:CCF957966B2C,-64,9,-35,37,0.0,134,90,100,1.0
21360,2022/09/23/ 15:59:30,:CCF957966B2C,-62,10,-36,39,0.0,134,90,100,1.0
21361,2022/09/23/ 15:59:30,:CCF957966B2C,-64,10,-36,37,0.0,134,90,100,1.0
21362,2022/09/23/ 15:59:31,:CCF957966B2C,-65,10,-36,38,0.0,134,90,100,1.0
21363,2022/09/23/ 15:59:31,:CCF957966B2C,-61,10,-36,39,0.0,134,90,100,1.0
21364,2022/09/23/ 15:59:32,:CCF957966B2C,-64,10,-36,37,0.0,134,90,100,1.0
21365,2022/09/23/ 15:59:32,:CCF957966B2C,-65,10,-36,38,0.0,134,90,100,1.0
21366,2022/09/23/ 15:59:33,:CCF957966B2C,-62,10,-36,39,0.0,134,90,100,1.0
21367,2022/09/23/ 15:59:33,:CCF957966B2C,-64,10,-36,37,0.0,134,90,100,1.0
21368,2022/09/23/ 15:59:33,:CCF957966B2C,-65,10,-36,38,0.0,134,90,100,1.0
21369,2022/09/23/ 15:59:34,:CCF957966B2C,-62,11,-36,39,0.0,134,90,100,1.0
21370,2022/09/23/ 15:59:35,:CCF957966B2C,-67,11,-36,37,0.0,134,90,100,1.0
21371,2022/09/23/ 15:59:35,:CCF957966B2C,-64,11,-36,38,0.0,134,90,100,1.0
21372,2022/09/23/ 15:59:36,:CCF957966B2C,-62,11,-36,39,0.0,134,90,100,1.0
21373,2022/09/23/ 15:59:36,:CCF957966B2C,-64,11,-36,37,0.0,134,90,100,1.0
21374,2022/09/23/ 15:59:37,:CCF957966B2C,-64,11,-36,38,0.0,134,90,100,1.0
21375,2022/09/23/ 15:59:37,:CCF957966B2C,-61,11,-36,39,0.0,134,90,100,1.0
21376,2022/09/23/ 15:59:38,:CCF957966B2C,-64,11,-36,37,0.0,134,90,100,1.0
21377,2022/09/23/ 15:59:38,:CCF957966B2C,-65,11,-36,38,0.0,134,90,100,1.0
21378,2022/09/23/ 15:59:39,:CCF957966B2C,-62,11,-36,39,0.0,134,90,100,1.0
21379,2022/09/23/ 15:59:39,:CCF957966B2C,-64,11,-36,37,0.0,134,90,100,1.0
21380,2022/09/23/ 15:59:40,:CCF957966B2C,-65,10,-36,38,0.0,134,90,100,1.0
21381,2022/09/23/ 15:59:40,:CCF957966B2C,-61,10,-36,39,0.0,134,90,100,1.0
21382,2022/09/23/ 15:59:41,:CCF957966B2C,-64,10,-36,37,0.0,134,90,100,1.0
21383,2022/09/23/ 15:59:41,:CCF957966B2C,-65,10,-36,38,0.0,134,90,100,1.0